성별,산업분류,2009,2009,2009,2009,2009,2009,2009,2009,2009,2009,2010,2010,2010,2010,2010,2010,2010,2010,2010,2010,2011,2011,2011,2011,2011,2011,2011,2011,2011,2011,2012,2012,2012,2012,2012,2012,2012,2012,2012,2012,2013,2013,2013,2013,2013,2013,2013,2013,2013,2013,2014,2014,2014,2014,2014,2014,2014,2014,2014,2014,2015,2015,2015,2015,2015,2015,2015,2015,2015,2015,2016,2016,2016,2016,2016,2016,2016,2016,2016,2016,2017,2017,2017,2017,2017,2017,2017,2017,2017,2017,2018,2018,2018,2018,2018,2018,2018,2018,2018,2018,2019,2019,2019,2019,2019,2019,2019,2019,2019,2019,2020,2020,2020,2020,2020,2020,2020,2020,2020,2020
성별,산업분류,초임월평균임금,초임월급여액,초임연간특별급여액,초임임금격차,평균월임금총액,평균월급여액,평균정액급여,평균초과급여,평균연간특별급여액,평균임금성비,초임월평균임금,초임월급여액,초임연간특별급여액,초임임금격차,평균월임금총액,평균월급여액,평균정액급여,평균초과급여,평균연간특별급여액,평균임금성비,초임월평균임금,초임월급여액,초임연간특별급여액,초임임금격차,평균월임금총액,평균월급여액,평균정액급여,평균초과급여,평균연간특별급여액,평균임금성비,초임월평균임금,초임월급여액,초임연간특별급여액,초임임금격차,평균월임금총액,평균월급여액,평균정액급여,평균초과급여,평균연간특별급여액,평균임금성비,초임월평균임금,초임월급여액,초임연간특별급여액,초임임금격차,평균월임금총액,평균월급여액,평균정액급여,평균초과급여,평균연간특별급여액,평균임금성비,초임월평균임금,초임월급여액,초임연간특별급여액,초임임금격차,평균월임금총액,평균월급여액,평균정액급여,평균초과급여,평균연간특별급여액,평균임금성비,초임월평균임금,초임월급여액,초임연간특별급여액,초임임금격차,평균월임금총액,평균월급여액,평균정액급여,평균초과급여,평균연간특별급여액,평균임금성비,초임월평균임금,초임월급여액,초임연간특별급여액,초임임금격차,평균월임금총액,평균월급여액,평균정액급여,평균초과급여,평균연간특별급여액,평균임금성비,초임월평균임금,초임월급여액,초임연간특별급여액,초임임금격차,평균월임금총액,평균월급여액,평균정액급여,평균초과급여,평균연간특별급여액,평균임금성비,초임월평균임금,초임월급여액,초임연간특별급여액,초임임금격차,평균월임금총액,평균월급여액,평균정액급여,평균초과급여,평균연간특별급여액,평균임금성비,초임월평균임금,초임월급여액,초임연간특별급여액,초임임금격차,평균월임금총액,평균월급여액,평균정액급여,평균초과급여,평균연간특별급여액,평균임금성비,초임월평균임금,초임월급여액,초임연간특별급여액,초임임금격차,평균월임금총액,평균월급여액,평균정액급여,평균초과급여,평균연간특별급여액,평균임금성비
전체,전체,1705107,1684946,241931,-,2547593.4,2139439,1975192,164246.6,4897852.4,-,1764760,1747290,209639,-,2600805.8,2211340.8,2029123.2,182217.8,4673579.4,-,1848733,1829315,233019,-,2727873.2,2303071.6,2109618.4,193453.4,5097618.2,-,1893836,1875884,215422,-,2788136,2394957.8,2188700.4,206257.6,4718135.8,-,1958306,1937765,246487,-,2910817.2,2490270.4,2268637.2,221632.8,5046560.4,-,1995193,1976243,227401,-,2977281.4,2547996.6,2330534,217462.2,5151415.8,-,2040705,2024743,191542,-,2993523.6,2599357.2,2381443.2,217913.8,4729996.4,-,2111000,2094000,208000,-,3074800,2672200,2454600,217800,4830000,-,2212000,2195000,200000,-,3154400,2761600,2531800,229200,4718400,-,2339000,2322000,208000,-,3293400,2895200,2660600,234400,4779200,-,2431000,2413000,221000,-,3402600,3006600,2782600,224200,4750800,-,3757,3318,5268,-,3391.2,3021.6,2822.4,199.4,4437.8,-
전체,"농업,임업및어업(01~03)",1613900,1580684,398586,-,2707767.2,2243167.6,2200667.2,42500.4,5575192.4,-,1672741,1659690,156617,-,2826826.6,2349471.4,2302672,46799,5728260.2,-,1661111,1654448,79958,-,2921885.4,2399936,2351509.4,48426.4,6263392,-,1649138,1640784,100249,-,2939783.6,2507739.6,2440097.8,67642,5184526.2,-,1818022,1806021,144014,-,3095110.6,2615964.4,2541997.4,73967,5749755.6,-,1756484,1745209,135298,-,2983789.8,2519896.2,2446782.6,73113.8,5566724,-,1860443,1838074,268427,-,3033834.6,2543645.6,2471781,71865,5882267.4,-,1936000,1914000,258000,-,3193000,2650800,2553800,96800,6504600,-,1990000,1955000,422000,-,3050600,2618400,2537800,80400,5187200,-,2127000,2109000,223000,-,3165000,2723600,2650000,73600,5297000,-,2175000,2163000,140000,-,3195600,2754800,2686600,68200,5291400,-,3426,2912,6172,-,3256,2782.2,2690.2,92,5684.2,-
전체,광업(05~08),2107663,2086411,255029,-,2935951.4,2498560.2,2332602,165958,5248694.8,-,2229717,2219188,126344,-,3095476.6,2666592.6,2475246.6,191346.2,5146609.6,-,2251323,2240620,128441,-,3226682.2,2775328,2422759.2,352569,5416249.8,-,2325320,2318703,79399,-,3283102.2,2832290,2483845.8,348444,5409744.6,-,2432563,2403242,351852,-,3473185,2986150.6,2627491,358659.4,5844412.2,-,2504758,2481742,276191,-,3560260.2,3076968.6,2719613.4,357355.2,5799501.4,-,2447521,2429318,218431,-,3828043.6,3335941.2,3001163,334778,5905228.6,-,2767000,2739000,332000,-,3855400,3395800,3124600,271200,5515000,-,2965000,2942000,269000,-,4130000,3595800,3181000,414800,6410000,-,3033000,3022000,131000,-,4320200,3796200,3376600,419600,6288400,-,3156000,3140000,183000,-,4406800,3850600,3416600,434000,6674200,-,3469,2955,6166,-,4263.6,3781.4,3344.8,436.6,5788.6,-
전체,제조업(10~33),1690625,1666255,292440,-,2638715.4,2140537,1897261.8,243275.6,5978140.6,-,1759162,1740563,223184,-,2731654.2,2243412.4,1958616,284796.2,5858899.6,-,1855020,1830833,290239,-,2916311.2,2344975.4,2009542.4,335432.8,6856029.6,-,1927745,1905882,262358,-,3026274.2,2482942.8,2122803.6,360139,6519976.2,-,2028387,1999058,351944,-,3217527.4,2612506.2,2237457.2,375049,7260252.8,-,2128860,2101622,326859,-,3416231.6,2754443.6,2396272,358171.6,7941454.8,-,2195754,2170715,300472,-,3463263.6,2836126.2,2467074,369052.2,7525650.4,-,2311000,2285000,311000,-,3522800,2916000,2546400,369400,7282200,-,2368000,2347000,259000,-,3585800,2996400,2598200,398200,7074000,-,2516000,2491000,302000,-,3760600,3143400,2735600,407600,7406000,-,2618000,2598000,246000,-,3858200,3263000,2866000,397000,7141000,-,3395,2784,7331,-,3793.6,3260.2,2920.8,339.6,6401,-
전체,"전기,가스,증기및수도사업(35~36)",1727244,1671762,665786,-,4455645.2,3314082.8,2993535.4,320547.2,13698747.2,-,1863772,1813087,608220,-,4699420.4,3462307.6,3119563,342744.8,14845356.2,-,2098148,2051910,554856,-,4907267.6,3608984.6,3296668.6,312316,15579396,-,2158982,2104119,658354,-,4769588,3702704.6,3377403.6,325301,12802599.4,-,2131018,2094018,444000,-,4962314.8,3886097,3520943.4,365153.6,12914614,-,2231713,2209508,266461,-,5002080.4,3955127.2,3571715.8,383411.4,12563437.8,-,2512732,2470941,501493,-,5192566.6,4134708,3727756.2,406952.2,12694304,-,2622000,2593000,348000,-,5487000,4164600,3781600,383000,15868600,-,2757000,2664000,1110000,-,5277400,4118600,3756600,362000,13904200,-,3071000,3001000,850000,-,5373600,4291600,3918000,373400,12983800,-,2877000,2848000,354000,-,5537200,4411600,4097600,313800,13510000,-,3186,2749,5239,-,5606.2,4410.2,4087.6,322.8,14351,-
전체,"하수·폐기물처리,원료재생및환경복원업(37~39)",1862581,1847248,183993,-,2381853.4,2155830.8,1978928,176902.2,2712272.2,-,1879437,1868683,129051,-,2473974.2,2236068.8,2043427.2,192641.6,2854863,-,1814353,1795956,220764,-,2558035.2,2293038.4,2086174,206864.4,3179957.6,-,1861102,1851797,111658,-,2565257,2357702.6,2164337.6,193365,2490652,-,2001560,1983996,210773,-,2744477.2,2518763.2,2289145.2,229618,2708568,-,2102579,2086748,189974,-,2941366.4,2674214,2395417.4,278796.4,3205829.8,-,2225154,2213736,137021,-,2990917.8,2758779.4,2524035.2,234744.2,2785658.2,-,2395000,2386000,114000,-,3140400,2853000,2570600,282400,3446800,-,2370000,2343000,322000,-,3324800,3006800,2694800,312000,3814400,-,2617000,2603000,161000,-,3531800,3216400,2881000,335200,3787000,-,2636000,2623000,148000,-,3697600,3360400,3049600,310600,4051400,-,4188,3758,5160,-,3800.6,3467.8,3107,360.4,3995.2,-
전체,건설업(41~42),1843621,1825715,214866,-,2466239.4,2208802,2110528.8,98273,3089250,-,1913069,1901823,134953,-,2489192.8,2261153,2165271.4,95882,2736478,-,2071079,2049139,263285,-,2650281.8,2395849.2,2295117.2,100732.2,3053190,-,2207672,2192973,176393,-,2697551,2476536.6,2365382.4,111154.4,2652172.2,-,2300538,2262813,452699,-,2754051.2,2526158.4,2412726,113432.4,2734716,-,2386841,2366112,248752,-,2985900.2,2726419.2,2574419.8,151999.6,3113771.4,-,2422469,2397233,302836,-,2955936.6,2732893.6,2591922.4,140971.2,2676517.2,-,2526000,2503000,268000,-,3113800,2894800,2741400,153400,2624600,-,2613000,2591000,261000,-,3157200,2947200,2775000,172200,2517800,-,2816000,2798000,214000,-,3367400,3158400,2983200,175200,2507600,-,2839000,2818000,252000,-,3415000,3214000,3030000,184200,2413200,-,5198,4104,13134,-,3479.6,3292.2,3160.4,131.8,2248.6,-
전체,도매및소매업(45~47),1662560,1643663,226758,-,2397942.8,2070355.2,2005528.2,64826.8,3931049.6,-,1769138,1751122,216189,-,2481139.2,2160602.8,2086838.2,73764.6,3846434.6,-,1864677,1844942,236824,-,2567001.8,2237119.8,2137521.8,99597.8,3958583.4,-,1863997,1839473,294286,-,2660025.2,2345621.8,2245329,100293,3772839,-,1908898,1891410,209855,-,2698970,2388189.8,2261731.8,126457.8,3729361.2,-,1954609,1928678,311172,-,2752106,2417340.2,2287855.2,129485.4,4017189,-,1960172,1943892,195357,-,2788217,2480603.4,2359054.6,121548.6,3691361.4,-,2043000,2024000,218000,-,2877000,2549400,2426200,123000,3935200,-,2194000,2180000,165000,-,2985600,2672000,2543400,129000,3762600,-,2419000,2403000,192000,-,3139000,2846800,2726000,121000,3502800,-,2496000,2478000,214000,-,3195000,2894200,2791600,102600,3611800,-,3866,3609,3085,-,3417.8,3109,3008.4,100.4,3708.2,-
전체,운수업(49~52),1436391,1423088,159637,-,2481224.2,2066402.4,1802797.8,263604.8,4977860.8,-,1534113,1521199,154971,-,2523050.6,2145303.8,1861281,284022.4,4532958,-,1726845,1695493,376227,-,2681434.4,2238675.2,2023734.6,214940.4,5313110.4,-,1748062,1728899,229952,-,2899847,2423228.8,2173518.8,249709.8,5719418.4,-,1840816,1823084,212778,-,2968758,2504728.4,2237036,267692,5568354,-,1871715,1853294,221046,-,3025113.8,2554469.8,2267456,287014,5647726.4,-,1912879,1895743,205634,-,3084188.6,2677042.4,2381602.8,295439.6,4885753.4,-,2014000,2000000,164000,-,3182000,2761400,2461600,300000,5043800,-,2179000,2163000,191000,-,3305800,2891200,2586200,305000,4973200,-,2207000,2188000,221000,-,3355000,2950400,2611600,338800,4857800,-,2258000,2234000,284000,-,3445200,3023600,2719800,304000,5062000,-,3886,3645,2893,-,3421,3028.4,2714.2,314.4,4709.4,-
전체,숙박및음식점업(55~56),1316713,1307641,108867,-,1741190.8,1594725.4,1513787.4,80938.2,1757582.2,-,1319217,1312234,83801,-,1781258.2,1636578,1558826.4,77751.6,1736162.6,-,1351917,1344710,86486,-,1865063.8,1695788.6,1601242.8,94545.6,2031301,-,1447377,1440183,86327,-,1895831.8,1750004.6,1652862,97142.8,1749927,-,1480118,1474456,67945,-,1970754,1816056,1720044.4,96011.6,1856373.8,-,1494446,1486934,90147,-,1957426.8,1814154.4,1684100.4,130054,1719266.6,-,1482201,1476511,68277,-,1977887,1853816.6,1726975.6,126841,1488845.6,-,1555000,1551000,45000,-,2041400,1937000,1798800,138600,1252000,-,1610000,1602000,92000,-,2063800,1966000,1831600,134400,1176000,-,1726000,1721000,62000,-,2170600,2078400,1932400,146200,1106000,-,1940000,1935000,52000,-,2411800,2316000,2163800,152000,1150800,-,6036,4608,17143,-,2297.6,2205.2,2082,123.4,1109.2,-
전체,"출판,영상,방송통신및정보서비스업(58~63)",2190430,2172571,214313,-,3333382,2765302,2637056.8,128245.4,6816960.6,-,2244072,2231588,149802,-,3337244.2,2828322.4,2683714.8,144607.8,6107060.8,-,2301977,2284557,209041,-,3231506.4,2804240.4,2701453,102787.6,5127193.6,-,2296484,2266872,355349,-,3130803.8,2749298.6,2678096.6,71202,4578062.4,-,2364291,2347010,207372,-,3468745.6,3021701.6,2925401.4,96300,5364526.8,-,2366681,2346328,244233,-,3079869.4,2755700,2644228,111471.8,3890034.2,-,2412386,2401511,130499,-,3203611.8,2896531.6,2793548.2,102983.2,3684960.4,-,2534000,2518000,185000,-,3217600,2866600,2779600,86600,4214200,-,2565000,2550000,178000,-,3249200,2906000,2783800,122200,4121000,-,2877000,2862000,190000,-,3621800,3285400,3133200,152400,4037600,-,2941000,2901000,474000,-,3752200,3413600,3285600,128000,4062800,-,3910,3350,6720,-,3782.4,3428.8,3286,142.6,4243.2,-
전체,금융및보험업(64~66),2098873,2035729,757727,-,3748792.2,2751509,2663631.6,87877.6,11967396.4,-,2138857,2082282,678897,-,3826718.4,2845648.2,2753365.8,92282.4,11772842.4,-,2351455,2299688,621204,-,4024978.2,2976224.2,2887688.2,88536.2,12585047.4,-,2374190,2318362,669934,-,4039675.8,3058660.2,2966534,92126.6,11772187.6,-,2428474,2388053,485055,-,4243612.4,3216693,3108415.4,108277.2,12323030.2,-,2469928,2429614,483766,-,4304201.2,3371440.6,3222767.2,148673.8,11193130.6,-,2687415,2645263,505823,-,4343560.6,3393004.6,3288404.6,104599.8,11406670,-,2902000,2825000,935000,-,4603000,3521600,3409600,112000,12979200,-,2720000,2653000,803000,-,4558000,3470000,3380200,90000,13058600,-,2764000,2697000,809000,-,4927800,3746400,3634800,111600,14178200,-,2994000,2942000,628000,-,5060600,3805400,3701000,104600,15061400,-,2899,2704,2338,-,5401.4,4204.2,4075.4,129,14367.4,-
전체,부동산업및임대업(68~69),1405095,1388906,194269,-,1946269.6,1762087.6,1712744.4,49343,2210180.6,-,1401032,1394931,73217,-,1948127.8,1779009.4,1729218.8,49790.2,2029422.4,-,1471377,1464276,85217,-,2085455.2,1900367.8,1848425.8,51941.6,2221046.6,-,1504435,1495158,111322,-,2091285.2,1947157,1890389,56767.8,1729536,-,1590435,1581254,110167,-,2159200.8,2016202.8,1965817.8,50384.8,1715976.8,-,1528266,1523699,54805,-,2225791.4,2066049.6,2004654.2,61395.4,1916903.4,-,1609737,1604950,57438,-,2331469.4,2177999.6,2117455,60544.8,1841638.6,-,1734000,1721000,156000,-,2481400,2288200,2224600,63200,2319600,-,1924000,1916000,98000,-,2567400,2410000,2332600,77400,1887600,-,2025000,2017000,102000,-,2709600,2532000,2460400,71800,2128600,-,2139000,2135000,51000,-,2759600,2581800,2506200,75400,2132000,-,4306,3512,9524,-,2851.6,2643.4,2582.6,60.6,2499.2,-
전체,"전문,과학및기술서비스업(70~73)",2259501,2226829,392061,-,2958858.6,2608355.8,2511325.2,97030.4,4206032.4,-,2334242,2287878,556370,-,2911681.6,2571726.2,2486493.4,85232.4,4079464.2,-,2308353,2277071,375382,-,3150280,2698676.8,2543993,154684.2,5419239.6,-,2436151,2408234,335008,-,3076245.2,2719733.6,2640203.4,79530.4,4278139.8,-,2499831,2473576,315064,-,3318400.8,2886188.2,2776010.6,110177.4,5186552.2,-,2579516,2546588,395138,-,3500996,2987233.2,2852750.4,134483,6165152,-,2694872,2672347,270302,-,3533869,3089518,2931701.4,157816.2,5332211.6,-,2657000,2634000,276000,-,3675600,3102600,2948200,154200,6873800,-,2755000,2725000,362000,-,3538400,3052200,2945400,107200,5835800,-,2899000,2866000,399000,-,3803000,3296000,3182000,113800,6083400,-,3075000,3020000,661000,-,4293800,3823600,3699800,124000,5640200,-,5854,4614,14878,-,4045,3528.4,3374,154.4,6197.6,-
전체,사업시설관리및사업지원서비스업(74~75),1490829,1470505,243886,-,2235318.6,1901776.2,1752357,149419.2,4002506,-,1491326,1479283,144510,-,2228123.2,1935135.2,1776573.2,158562,3515856.4,-,1553356,1542057,135588,-,2293816.6,2032724,1890266,142458.2,3133110.6,-,1605320,1596070,110994,-,2237416.8,2008409.8,1857529,150880.8,2748082.2,-,1693561,1673205,244266,-,2290763.2,2064724.2,1884678,180045.8,2712468.6,-,1829361,1816657,152443,-,2425425.6,2203920.4,2030463.8,173456.4,2658060.4,-,1811217,1805163,72652,-,2445034.8,2220158.2,2057939.8,162218.6,2698518.8,-,1855000,1846000,109000,-,2509000,2302000,2134400,167600,2483000,-,1989000,1977000,146000,-,2563200,2343200,2184800,158400,2641800,-,2055000,2044000,139000,-,2702400,2509000,2357800,151400,2319000,-,2216000,2210000,72000,-,2872800,2649600,2498200,151400,2676800,-,3049,2879,2040,-,2910.4,2688.2,2538.6,149.6,2666,-
전체,교육서비스업(85),1633160,1628098,60747,-,2233795.4,2058120,2007983.2,50136.6,2108104.2,-,1696526,1690381,73743,-,2304699.4,2125846,2071832.4,54013.6,2146240.6,-,1827412,1822751,55927,-,2442582.2,2255875.8,2203311.6,52564.2,2240476.8,-,1828562,1824370,50308,-,2425548.2,2267084.8,2207524.6,59560.4,1901560,-,1833087,1827678,64909,-,2466112.4,2290906,2238789.8,52116,2102476.6,-,1834318,1828723,67136,-,2596666.8,2392992,2330164.6,62827.6,2444097.8,-,1803226,1798598,55536,-,2522887.2,2373726.4,2321633,52093.6,1789929.2,-,1896000,1891000,54000,-,2605200,2467400,2401800,65400,1654400,-,2037000,2029000,92000,-,2766000,2605000,2547800,57200,1933200,-,2125000,2110000,178000,-,2853200,2673400,2618600,55200,2155600,-,2137000,2131000,74000,-,2950000,2784800,2725800,59400,1978800,-,3221,3087,1616,-,2847.4,2694.2,2646.6,47.8,1840.4,-
전체,보건업및사회복지서비스업(86~87),1714598,1701187,160935,-,2193437.4,1881264,1787158.2,94105.8,3746077,-,1778156,1767040,133387,-,2235658.8,1948009.6,1847088.8,100921,3451788.6,-,1797949,1786910,132470,-,2177155.6,1952266.2,1857295.2,94971,2698671,-,1805583,1798583,83994,-,2264674,2072072.6,1966480.6,105592,2311217.6,-,1852338,1843597,104892,-,2351764.8,2146413.6,2027410.4,119003,2464214.6,-,1816880,1809735,85735,-,2244554.4,2080505.6,1957489.6,123015.8,1968585,-,1892315,1883922,100711,-,2276352.6,2112582.8,1992167.2,120415.6,1965235.8,-,1899000,1891000,91000,-,2293800,2137000,2018000,119200,1881000,-,2022000,2014000,106000,-,2343200,2203200,2089600,113400,1677400,-,2137000,2130000,87000,-,2477000,2327000,2209400,117800,1798800,-,2114000,2101000,152000,-,2574000,2425600,2300600,125000,1778200,-,2844,2757,1043,-,2530.2,2395.6,2288.8,106.6,1614.4,-
전체,"예술,스포츠및여가관련서비스업(90~91)",1482870,1464440,221158,-,2230852.8,1906196.4,1758260.8,147935.6,3895874,-,1562473,1547434,180462,-,2250761,1953680.2,1800810.2,152870,3564968.8,-,1668180,1660452,92734,-,2284873,2019945.8,1856350.8,163595.2,3179129.2,-,1739306,1727091,146582,-,2321964,2053388,1883937.4,169450.8,3222909,-,1715350,1709003,76159,-,2348162.4,2112375.2,1917056,195319.4,2829445,-,1740436,1734180,75077,-,2423442.4,2210099.4,2038867.2,171232.6,2560115.6,-,1609839,1604188,67808,-,2345451.8,2151917.6,1976641,175276,2322409.6,-,1837000,1830000,84000,-,2454400,2298000,2136400,161400,1878400,-,1997000,1986000,133000,-,2656200,2480000,2257400,222600,2112400,-,2026000,2018000,93000,-,2764400,2582800,2384000,199000,2177800,-,2127000,2120000,81000,-,2881000,2685600,2490200,195600,2345800,-,3180,2997,2192,-,2797.2,2612.4,2455.8,156.4,2219.4,-
전체,"협회및단체,수리및기타개인서비스업(94~96)",1532185,1518087,169172,-,2106563,1850489,1787751.6,62737.8,3072888.6,-,1547068,1532352,176587,-,2066202.4,1843262.2,1776659.4,66603,2675281.8,-,1616138,1607113,108300,-,2171688.8,1921566.8,1852098.6,69468.2,3001462,-,1584325,1572174,145806,-,2146453.6,1957422.4,1884077.4,73344.8,2268374.2,-,1612834,1606214,79441,-,2283723,2062801.2,1969287.2,93514.2,2651061,-,1560871,1551881,107885,-,2278075.4,2014225.2,1890057.8,124167,3166201.6,-,1512828,1505188,91676,-,2142062.8,1960218.2,1870975.2,89243,2182136.2,-,1625000,1610000,188000,-,2254000,2052600,1963600,89000,2414800,-,1786000,1778000,104000,-,2434000,2220000,2121600,97800,2566200,-,1939000,1930000,108000,-,2557400,2357200,2248600,109000,2399200,-,2068000,2062000,80000,-,2690000,2477200,2365200,111800,2557200,-,3317,2987,3969,-,2911.4,2645.2,2547.8,97,3198,-
여자,전체,1393148,1379113,168414,72.6,1869783.6,1628697.8,1530824.6,97873.2,2893027,64.58,1451473,1439545,143134,73.1,1920353.2,1693292.2,1587693.2,105599,2724730.4,64.96,1530554,1516861,164310,74.1,2023798.4,1786633.4,1674609.6,112024,2845977,64.9,1557689,1545381,147694,73,2094191,1871095.4,1752598,118498,2677144.4,65.52,1612640,1599175,161575,73.1,2172757.4,1938671,1809875.6,128795.4,2809035.6,64.92,1636653,1625025,139540,72.1,2227415,1981981.8,1850505.8,131476,2945200,65.06,1643004,1633048,119473,69.9,2217812.8,2002290.2,1880661,121629,2586270.8,63.74,1726000,1714000,133000,71.3,2299800,2078600,1955000,123800,2653200,64.48,1812000,1801000,141000,71.6,2356400,2142000,2017600,124400,2570200,63.64,1947000,1936000,133000,72.7,2514400,2294000,2167000,127000,2645400,65.52,2055000,2042000,153000,74.6,2628400,2412600,2292000,120200,2590200,66.6,3129,3009,1441,-,2619.6,2415.6,2313.4,102,2447.4,66.42
여자,"농업,임업및어업(01~03)",1200539,1181730,225705,70,1786211.2,1569229.8,1535594,33635.8,2603774.6,60.74,1304260,1298405,70261,73.9,1830265.8,1615349.4,1565999.8,49349.6,2578997,59.44,1313292,1301178,145367,73.7,1944885.2,1665408,1628206.8,37201.2,3353725.2,61.38,1309326,1301502,93884,74.7,2002176.6,1754205.8,1719464.2,34741.6,2975645.6,62.62,1409990,1401215,105302,73.1,2135075.4,1865341,1809122.6,56218.6,3236811.4,63.6,1512860,1506440,77036,82.7,2197769.6,1920260.8,1846606,73654.6,3330103,68.64,1520089,1511744,100140,77.5,2217582.4,1950477,1864070.4,86406.4,3205263.2,68.94,1685000,1679000,79000,84.4,2352400,2077800,1945200,132800,3294800,68.6,1739000,1734000,58000,84.6,2346000,2104000,2024200,80000,2902200,72.5,1793000,1776000,204000,80.7,2499000,2221800,2145000,76600,3325400,74.6,1895000,1882000,148000,84.5,2574200,2291200,2232800,58400,3397400,76.28,6787,4143,31730,-,2434,2166.8,2099.2,67.6,3207,69.22
여자,광업(05~08),1505710,1477288,341067,69.4,1931120,1723512,1687615.6,35896.4,2491295.4,63,1498098,1495263,34022,64.9,1983422,1748304.6,1682703,65601.6,2821408.2,61.78,1639540,1629365,122098,70.3,2081457,1885312.4,1752677,132635.8,2353732.8,62.4,1545040,1534676,124364,64.1,2101598.6,1905862.6,1755392.2,150470.4,2348831.8,61.86,1698429,1690720,92502,67.3,2242960,2081496.6,1936067.2,145429.6,1937561,62.04,1777757,1759558,218382,68.2,2271183.6,2013100.4,1885959,127141.4,3096998.8,60.68,1771783,1752295,233858,69.8,2552074.8,2275014.8,2183659.8,91355,3324720.2,63.46,1755000,1755000,4000,62.1,2621400,2388000,2277800,110200,2803600,64.94,1910000,1892000,217000,62.3,2783800,2512600,2310600,201800,3258200,64.68,2105000,2104000,3000,67.3,2866200,2609800,2470800,139000,3075800,63.38,2068000,2030000,457000,63,3063400,2815000,2567800,247200,2983200,66.7,4420,3723,8368,-,2895,2736.6,2574.6,162.2,1900,65.4
여자,제조업(10~33),1303258,1285593,211983,70.4,1844385.2,1571158.8,1416595.8,154562.8,3278717.4,62.78,1375616,1361871,164936,71.7,1949558,1668105,1490025.2,178079.6,3377433.4,64.2,1476646,1457251,232743,73.5,2047122,1737600.6,1531936,205664.6,3714258.2,63.26,1548255,1529332,227080,74.5,2174471.4,1870185.6,1650314.6,219870.8,3651429.2,65.04,1632620,1609962,271900,74.5,2278888.2,1947894.4,1714157.6,233736.6,3971924.2,63.92,1694478,1676585,214712,73.8,2582180.4,2138035.6,1890479.8,247555.8,5329739.6,69.96,1741392,1723615,213321,73.6,2542857.4,2170139.2,1934876.4,235262.8,4472617.2,66.94,1888000,1871000,203000,76.2,2616600,2245800,2002000,243600,4452600,68.26,1934000,1920000,168000,76.4,2634600,2284200,2044200,240000,4209200,67.2,2083000,2065000,222000,77.8,2834400,2459400,2211400,248000,4499200,69.28,2190000,2174000,191000,79,2907400,2572600,2342000,230600,4018000,69.42,3859,3483,4501,-,2871.6,2575.8,2382,193.6,3550.8,70.42
여자,"전기,가스,증기및수도사업(35~36)",1285145,1264644,246009,66,2445353.6,1848050.2,1768050.6,79999.4,7167640,50.98,1332514,1299561,395436,63.8,2682776.4,2026200.8,1938476.4,87724.2,7878908.2,53.12,1453095,1439994,157206,62.9,2950180.6,2235888.4,2162109.4,73778.8,8571507,56.78,1672013,1640678,376015,71.8,3060224.6,2421049.2,2337829.2,83219.6,7670104.8,60.22,1743219,1723400,237826,76.1,3286632.8,2602331.6,2505159.8,97171.8,8211613.8,62.46,1938085,1921958,193526,82.7,3220094,2631942.4,2511262.8,120679.6,7057819,59.62,2132932,2105804,325530,79.9,3388989.6,2746461.8,2640520.4,105942,7710331.2,60.9,2023000,2010000,160000,71.7,3654200,2910800,2802800,107600,8925400,61.68,2136000,2109000,324000,71.7,3837400,3052200,2934200,118000,9423800,67.34,2486000,2459000,335000,75.8,3838600,3122600,3006000,116400,8593000,65.8,2442000,2407000,419000,80.4,4071000,3335000,3255200,80000,8828200,69.06,3472,3127,4148,-,4177.2,3377.4,3297.2,79.8,9601.2,69.42
여자,"하수·폐기물처리,원료재생및환경복원업(37~39)",1418856,1414160,56357,73,1686020.8,1581474.8,1518974.2,62500.4,1254552.2,67.5,1457173,1444404,153222,73.7,1689604.8,1568981.2,1493195.8,75785.2,1447482.8,64.8,1461883,1450200,140199,77,1769505.2,1633933.8,1542484,91450,1626855.6,65.66,1433461,1416558,202840,73.4,1726390.2,1606777.6,1542885.2,63892.4,1435351.8,63.28,1534158,1520185,167678,73.1,1924817.2,1783301.4,1659700,123601.4,1698189,66.52,1608257,1599690,102809,72.4,2099069.8,1961542.6,1866576.2,94966.4,1650325.2,67.76,1810602,1799513,133069,77.8,2180068,2067671,1987091.4,80579.4,1348762.8,69.38,1766000,1758000,98000,70.9,2277400,2119800,2014200,105400,1894800,69.32,1875000,1851000,282000,75.2,2523800,2365600,2231200,134200,1899200,72.64,2004000,1993000,130000,73.8,2639600,2488600,2391600,97400,1809800,71.44,2163000,2145000,218000,79.6,2745200,2576800,2488200,88600,2022200,70.76,3853,3465,4657,-,3141.6,2904.2,2801.6,102.6,2845.6,81.54
여자,건설업(41~42),1371069,1362785,99411,71.6,1695125.6,1527243,1493818.2,33424.8,2014590.6,65.7,1414165,1408108,72684,70.1,1730779.2,1610877.6,1571749.2,39128.6,1438818.2,66.8,1488191,1480575,91396,68.3,1823725,1678942.6,1618067.8,60874.2,1737387.8,66.48,1673170,1665068,97223,72.4,1947018.2,1793747.4,1751683.4,42064.4,1839250.4,69.68,1791260,1753488,453263,75.3,1990950.4,1828117.4,1773909.2,54208.8,1953995.6,69.28,1851494,1841751,116912,74.1,2248329.2,2107659.6,2038963.4,68696.2,1688036,72.86,1889646,1858359,375444,75.3,2188903.6,2029854,1969956.6,59897.2,1908593.6,71.3,1945000,1929000,192000,73.8,2696200,2568600,2506200,62400,1530800,87.26,1957000,1938000,232000,71.5,2326000,2193800,2124400,69400,1585800,70.8,2208000,2186000,258000,75.5,2589400,2470000,2406400,63400,1431600,74.28,2177000,2163000,171000,73.7,2657200,2532000,2466800,64800,1506400,75.1,4506,3551,11455,-,2607.4,2494.2,2437.2,57.2,1359.2,71.7
여자,도매및소매업(45~47),1403858,1391053,153664,75,1814059.6,1610596.2,1558540.4,52055.8,2441560.2,65.54,1514554,1503956,127175,77,1839648.8,1670416.4,1614722.2,55694,2030788,63.84,1608037,1594274,165154,78.3,1985731.6,1801532.8,1721818.6,79714.2,2210383.2,67.54,1573996,1553047,251391,75.8,2042958.2,1844743.6,1758983.6,85759.6,2378576.6,66.86,1623383,1607574,189702,76.6,2108091.4,1914209,1811168,103041.2,2326588.6,68.7,1683409,1666099,207717,78.1,2145034.4,1950295.2,1850421.6,99873.6,2336870.6,67.06,1703131,1690230,154813,79.2,2172650.4,1993918.6,1902267.6,91650.8,2144782,67.68,1786000,1769000,198000,80.5,2283800,2080800,1988600,92200,2434200,69.86,1908000,1895000,154000,79,2298800,2117400,2028800,88800,2174000,65.34,2115000,2104000,137000,79.6,2531000,2346800,2270800,76000,2213800,71.34,2181000,2171000,122000,79,2555200,2362200,2293400,69000,2314400,68.3,3437,3124,3759,-,2742.8,2545.4,2483.8,61.2,2368.2,69.88
여자,운수업(49~52),1302706,1287144,186744,89.4,1939626.6,1614015.2,1515797,98218.8,3907334.4,75.62,1394178,1379870,171700,89.6,1950879.6,1687466.2,1584799.8,102666,3160960.4,74.62,1534690,1502166,390290,87.3,2085554.4,1769617.2,1677263.8,92353.8,3791248.6,75.04,1581223,1556500,296678,88.9,2320590.6,1946652.8,1862938.8,83714,4487256,77.5,1613085,1598266,177829,85.9,2425768.2,2045466.2,1945597.8,99868.6,4563622,79.2,1749881,1731220,223935,92.3,2376067.2,2053800.8,1923403,130397.8,3867196.8,75.6,1779205,1771774,89177,91.8,2481169.2,2175663.2,2042865,132798.2,3666071.8,77.62,1891000,1884000,88000,92.8,2609800,2308600,2176800,131800,3614600,79.48,1981000,1967000,171000,89.2,2687400,2376400,2230800,145400,3730000,78.18,2020000,2009000,130000,89.8,2840200,2508400,2342800,165600,3980800,82.1,2147000,2135000,141000,93.8,2940600,2609400,2471200,138200,3977600,82.74,5315,4024,15485,-,2900.8,2601.4,2455.4,146.2,3592.6,82.6
여자,숙박및음식점업(55~56),1190479,1182835,91723,79.6,1497672,1388639.4,1325057.8,63581.4,1308394.8,75.9,1160526,1155076,65395,76.3,1550578.4,1437613.6,1364446.4,73167,1355580,78.7,1239772,1233068,80450,82.3,1621897.2,1495609.6,1411637.2,83972.6,1515450.8,76.98,1345817,1340440,64526,85.2,1669494.8,1568438,1481111,87327,1212681,79,1381433,1376556,58521,86,1730429,1625753.2,1537619.6,88133.6,1256110.2,78.44,1355011,1348811,74402,81,1725132.8,1615194,1491916.8,123277.2,1319265,79.26,1357714,1352624,61079,82.3,1735309.4,1636480,1514028.8,122451.2,1185950.4,78.96,1449000,1445000,44000,85.6,1817400,1734000,1611000,123000,1001400,80.94,1464000,1455000,111000,81.7,1842200,1763600,1640600,123200,942000,80.96,1632000,1626000,69000,88.1,1979000,1905800,1768600,137400,876800,83.44,1872000,1868000,54000,92.2,2217000,2147200,2012600,134400,841200,84.58,3601,3271,3962,-,2074.6,2000.4,1884,116.4,893,79.82
여자,"출판,영상,방송통신및정보서비스업(58~63)",1722316,1712054,123144,70,2234214,1964394.4,1890911.8,73482.6,3237835,60.46,1826726,1819309,89008,73.9,2318168.8,2048256.8,1973616.6,74640.2,3238940.2,62.34,1903580,1889327,171039,75.7,2341531.4,2095288.8,2045607.2,49681.6,2954909.4,64.62,1869465,1856298,158007,74.2,2329907,2108171.8,2078511,29660.8,2660823,66.5,1962844,1951317,138326,75.6,2504285.2,2261362.6,2220761,40601.6,2915070.8,64.92,1934293,1920730,162755,73.3,2384990.8,2213446,2145369.8,68076,2058536.2,70.34,1973061,1962646,124978,73.6,2374605.6,2201231.4,2145683.6,55548,2080490.2,65.72,2024000,2013000,124000,71,2419600,2243400,2193400,49600,2113800,66.3,2001000,1992000,110000,69.3,2533600,2345600,2266000,79600,2253600,70.78,2340000,2329000,139000,72.9,2844400,2652400,2553600,99000,2305200,72.18,2545000,2512000,396000,80,3059200,2852000,2768600,83200,2487400,74.58,3732,3302,5155,-,2997.4,2813,2731,82,2213.4,68.64
여자,금융및보험업(64~66),1611710,1568748,515544,62.5,2718500.4,2070890.4,1999546,71344.8,7771321.8,61.36,1678012,1628893,589431,63.4,2753484.8,2119181.6,2048154.8,71027,7611637.4,61.14,1888895,1858902,359918,67.4,2971849.2,2319471.8,2242293,77178.6,7828528.6,62.2,1823147,1806881,195192,62.4,3054997.8,2412136.4,2340332.4,71804,7714335.4,63.1,1862077,1832646,353170,63.8,3189918.4,2535326.6,2440136.6,95190,7855102,63.82,1940025,1919737,243451,61,3314505.2,2696861.6,2560891.4,135970.4,7411723.6,62.42,1946358,1918374,335804,56.3,3413613.6,2718580.8,2613162.4,105418.6,8340392.4,64.3,2247000,2170000,920000,63,3698200,2900600,2816800,83600,9575800,66.7,2228000,2170000,694000,66.9,3584200,2790400,2714200,76400,9523200,63.08,2305000,2256000,590000,68.6,3974200,3050200,2950600,99600,11088400,65.46,2465000,2417000,574000,68.4,4225200,3251400,3158600,92600,11687800,67.78,3839,3501,4052,-,4481,3531.2,3421.8,109.6,11394.8,69.7
여자,부동산업및임대업(68~69),1096993,1090263,80758,72.3,1505382,1383627.8,1359716.8,23910.8,1461050.4,73.04,1167934,1164108,45914,78,1533025.6,1419243.2,1390605.6,28637.8,1365388.6,73.5,1138509,1133001,66091,70.7,1615233.4,1485164.8,1465805,19359.6,1560821.2,73.14,1168931,1161609,87869,70.8,1656842,1557615.6,1535208.2,22407.4,1190714.2,73.04,1213201,1209602,43186,69.4,1714966.8,1615460.2,1593895,21565.4,1194079.4,73.3,1149435,1145948,41840,67.4,1710674,1610430.6,1583963.8,26466.8,1202921.6,70.6,1177926,1175305,31446,64.4,1774906.4,1673278.6,1649179.8,24098.6,1219534.8,68.04,1290000,1282000,95000,66.1,1892400,1769800,1740800,28800,1472000,68.96,1513000,1508000,63000,70.8,2042200,1945400,1909000,36200,1164200,72.28,1644000,1637000,87000,74.2,2215800,2092200,2056800,35800,1478400,74.82,1707000,1704000,34000,73,2255200,2135000,2103200,31600,1446200,74.7,4130,3267,10357,-,2317.2,2173.8,2147.6,26.4,1719.6,74.86
여자,"전문,과학및기술서비스업(70~73)",1679897,1664011,190629,65,1999022.6,1819038.4,1772396.8,46641.2,2159808.6,57.9,1762675,1739822,274238,66.3,2044159.8,1843800.6,1801740.6,42060.2,2404307.8,59.98,1882161,1855878,315399,73.1,2247604.4,1964166.6,1898246,65920.4,3401252,63.16,1974371,1953078,255512,73,2361350.2,2119324.4,2070933.4,48391,2904308.6,68.24,2029213,2010217,227948,72.1,2495638.8,2231575.6,2155371.4,76204.2,3168758.8,66.12,2121737,2091245,365899,73.8,2515575,2231771.6,2176653.2,55118.4,3405641,62.64,2150313,2134661,187825,70.3,2611272,2359299,2291568.8,67730,3023677.6,65.38,2137000,2117000,242000,71.1,2671400,2365800,2313200,52200,3666000,64.12,2254000,2227000,324000,72.9,2772800,2416000,2360000,56200,4281800,71.16,2411000,2393000,218000,75,2941800,2620000,2555200,65400,3860000,68.2,2608000,2558000,601000,77.1,3070400,2766800,2698000,68800,3643600,64.98,4097,3498,7197,-,3098,2824,2729.8,94.2,3289.6,66.6
여자,사업시설관리및사업지원서비스업(74~75),1313575,1292141,257210,74.6,1616372.2,1467262.2,1381526.8,85735.4,1789320.6,59.22,1331816,1322172,115733,76.3,1689075.2,1545445.2,1461429.8,84015.4,1723559.6,62.96,1361567,1348794,153276,78.4,1854369.6,1683705.8,1601627.8,82078,2047966,70.18,1383544,1373736,117700,74.4,1864976,1705662.6,1607847,97815.2,1911759.4,72.44,1458811,1446149,151942,75.3,1888525.4,1727467.8,1637174,90294,1932690.4,70.84,1569040,1559163,118526,74,1928451.6,1777358,1687784.4,89573.6,1813119,67.06,1498232,1492128,73245,68.7,1919067,1792199,1728318.2,63881.2,1522418.4,64.66,1590000,1586000,56000,72.6,1983400,1878800,1808800,69800,1258200,65.56,1772000,1763000,112000,77.8,2075400,1958400,1862000,96600,1405200,65.78,1802000,1795000,87000,73.7,2197000,2092400,2003600,88600,1252200,66.2,1985000,1980000,61000,78.1,2345000,2237600,2159200,78600,1287600,67.1,3163,3004,1904,-,2393,2258.2,2181.6,76.6,1619,69.48
여자,교육서비스업(85),1391013,1388145,34413,68.4,1683747.4,1599443,1565492,33951,1011649.6,61.28,1463090,1458483,55286,69.3,1732062.4,1645923.4,1613723.2,32200.2,1033667.4,59.92,1667067,1664753,27764,77.7,1901844.4,1801372.4,1763249.8,38122.6,1205663.4,61.96,1644966,1641254,44544,76.1,1925182,1829988.8,1785506,44483,1142320.8,63.68,1650431,1646780,43808,76.2,1963724.6,1870955.6,1825710,45246,1113227.8,64.16,1674289,1671616,32080,78.5,2057711.2,1952390.4,1905146.6,47243.2,1263848.4,63.54,1585531,1582429,37221,71,2001153,1924854.2,1887932,36922.2,915590,63.52,1738000,1734000,39000,78.3,2100200,2027600,1981800,46000,872200,64.68,1846000,1840000,71000,77.2,2300800,2199800,2149800,50000,1212800,70.46,1963000,1947000,185000,80.5,2385800,2277600,2223600,54200,1299000,71.46,1991000,1987000,49000,81.5,2453800,2360400,2308800,51200,1124400,70.12,3027,2815,2542,-,2451.6,2351.8,2319.4,32.4,1197.8,75.18
여자,보건업및사회복지서비스업(86~87),1481676,1469848,141939,55.2,1894130.6,1640684.2,1555697.6,84986.8,3041354.8,64.74,1539043,1528064,131750,53.9,1957460.4,1716239.4,1621748.6,94490.8,2894649.4,66.84,1544100,1533218,130582,53.4,1927917.6,1732178.8,1645864.4,86314.8,2348865.2,67.5,1570538,1563856,80185,53.2,2001522,1831973.6,1736158.6,95814.8,2034579.4,68,1619422,1611204,98618,54,2087274.2,1908743.8,1797409,111334.6,2142363.4,68.14,1602596,1596117,77749,55.5,1995909.2,1862272.8,1748213.6,114059,1603638.8,68.56,1647722,1641381,76094,51.3,2018081.4,1881873.8,1772629.2,109244.8,1634488.8,67.9,1672000,1666000,78000,51.4,2039000,1909000,1800600,108600,1557200,67.68,1740000,1732000,91000,48.9,2079000,1960600,1859800,100800,1418400,68.44,1882000,1876000,72000,51.9,2224400,2097400,1992400,105000,1521400,68.46,1927000,1917000,122000,59.5,2338400,2213200,2102400,111600,1498400,73.38,4431,3725,8470,-,2281.4,2166.4,2074.6,91.4,1380,68.94
여자,"예술,스포츠및여가관련서비스업(90~91)",1267976,1245841,265618,73.6,1721815.2,1474706.8,1366687.6,108019.2,2965299.2,63.62,1365993,1355016,131723,78,1717598,1509792.8,1405892,103900.8,2493663.6,63.98,1432696,1426421,75300,76.5,1799378.2,1622233.6,1501723.4,120510.2,2125735.4,68.1,1462077,1450520,138684,73.8,1865615.2,1669666.2,1545389.8,124276.6,2351386,69.46,1459302,1453235,72802,73.2,1884313.2,1725457.6,1583808.8,141648.6,1906266.2,69.28,1577682,1572903,57344,83.2,1969763.2,1833720,1704573.2,129146.8,1632517.6,70.6,1418878,1415428,41400,78.9,1921036.6,1785185.2,1657617.4,127568.2,1630217.2,72.56,1636000,1630000,79000,81.3,2026800,1917600,1799600,117800,1311200,73.18,1752000,1743000,112000,79.4,2227400,2116200,1928400,188000,1334000,74.42,1809000,1803000,71000,80.7,2365600,2225400,2075000,150200,1684200,75.88,1936000,1931000,64000,84.6,2469200,2335000,2183200,151200,1613800,77.16,6252,4833,17031,-,2424.2,2280,2155,124.4,1734.8,78.56
여자,"협회및단체,수리및기타개인서비스업(94~96)",1281637,1277276,52327,76,1497542,1384888,1351283.4,33604.6,1351848.2,62.9,1244452,1239910,54505,71.2,1515376.4,1407743.2,1385376.8,22366.6,1291598.4,64.36,1276785,1271572,62554,68.9,1566657.6,1471718,1439668.4,32049.6,1139273.8,62.18,1244919,1236963,95474,66.7,1570037.8,1483064.6,1442830.4,40234.4,1043677.8,61.8,1275496,1271706,45480,67.1,1602033,1512826,1466336.6,46489.2,1070484.4,59,1180634,1175585,60583,60.8,1489291.6,1426843.4,1380859,45984.6,749377.6,52.36,1135140,1131747,40714,57.3,1484891.4,1429958.6,1385497,44461.6,659188.8,55.34,1207000,1203000,51000,58.6,1468400,1407800,1370000,37600,726600,51.2,1309000,1306000,37000,59,1673400,1598400,1556800,41600,901800,55.4,1477000,1473000,49000,61.9,1809800,1744800,1692400,52200,780600,57.86,1575000,1572000,35000,62.4,1947400,1876400,1821400,55000,852400,60.2,6252,4833,17031,-,2202.2,2080.4,2012.4,67.8,1465.8,66.34
남자,전체,1919566,1895193,292470,-,2884716.4,2393519.8,2193578.8,199940.6,5894360.2,-,1986324,1964935,256673,-,2948904,2476218,2251747,224471.2,5672231.8,-,2065021,2041711,279725,-,3103049.8,2577074.4,2336388.6,240686.2,6311704.2,-,2134585,2112591,263929,-,3174920.2,2685407.6,2424995.6,260412,5874151.2,-,2207508,2181866,307704,-,3324026,2797541.2,2519097.2,278444.2,6317817.6,-,2270740,2246163,294924,-,3420528,2882520.8,2608520,274000.8,6456083,-,2352012,2331349,247956,-,3463226,2961547.6,2679318.8,282228.6,6020139.4,-,2421000,2399000,268000,-,3553200,3039600,2757600,282000,6163200,-,2532000,2511000,247000,-,3673200,3163800,2860800,302800,6114400,-,2678000,2656000,272000,-,3816400,3299600,2986200,313400,6204000,-,2755000,2732000,280000,-,3931000,3413000,3111800,301400,6216400,-,3861,3529,3992,-,3919.8,3437.4,3167,270.4,5788.4,-
남자,"농업,임업및어업(01~03)",1713929,1677227,440421,-,2934887.4,2410975,2365899.2,45076.4,6286949.4,-,1764539,1749695,178130,-,3061371,2521868.8,2476076.4,45792.6,6474023.2,-,1782424,1777662,57144,-,3200253.6,2609124.2,2556543,52581,7093554.6,-,1752623,1744107,102188,-,3207275,2723221.6,2645600,77621.2,5808640.6,-,1927779,1914910,154427,-,3378075,2835979.6,2756759,79220.8,6505144.4,-,1830364,1817617,152966,-,3233285.4,2710615,2637820.6,72794.4,6272045.6,-,1960941,1934431,318118,-,3258498.6,2707347.6,2640213.4,67134.4,6613813.8,-,1997000,1972000,302000,-,3445000,2823600,2736600,87400,7456000,-,2056000,2013000,518000,-,3271400,2780200,2699200,81000,5894600,-,2223000,2204000,228000,-,3406200,2906200,2832200,73800,5997400,-,2243000,2231000,138000,-,3433800,2934800,2860800,73600,5992000,-,5259,4309,11409,-,3516,2978.8,2878.2,100.6,6447.8,-
남자,광업(05~08),2169908,2149397,246133,-,3040043.8,2578820.2,2398823.8,179996.6,5534682.6,-,2306621,2295284,136048,-,3202361,2754599.2,2551516.6,203082.6,5373141.6,-,2331817,2321044,129276,-,3340798.8,2863876.2,2488739,375137.2,5723072.8,-,2410417,2404209,74495,-,3404448,2927399.8,2559235.4,368164.2,5724578.6,-,2523742,2491737,384063,-,3620022.6,3095558.6,2712326,383232.6,6293565.4,-,2606208,2582520,284258,-,3739422.6,3225816.4,2836136.8,389679.6,6163274.8,-,2539521,2521493,216330,-,3987719.4,3468971.8,3104511.8,364460,6224972.2,-,2826000,2797000,351000,-,4014000,3526200,3234000,292200,5855800,-,3068000,3045000,274000,-,4304200,3736400,3295200,441400,6814400,-,3129000,3117000,145000,-,4515200,3955800,3500000,456000,6710400,-,3284000,3271000,151000,-,4607200,4005000,3543600,461200,7229200,-,3804,3495,3705,-,4424.6,3903.8,3436.6,467,6250.4,-
남자,제조업(10~33),1850521,1823383,325651,-,2917038.4,2338739.6,2061758,276981.8,6939583.8,-,1917703,1897098,247261,-,3013115.6,2448144.4,2123131,325013.6,6779655.6,-,2008887,1982752,313620,-,3221527.8,2554107.6,2169437.4,384670.2,8009041.4,-,2077672,2054647,276296,-,3322168,2692828.2,2280545.6,412282.6,7552075.8,-,2192542,2160447,385144,-,3546146,2840421.4,2412903.8,427518,8468694.8,-,2294976,2264164,369746,-,3690080.6,2961896.6,2562840.8,399056.2,8738207.4,-,2365909,2338150,333110,-,3773162.6,3061746,2643937.4,417808.6,8536998.2,-,2479000,2450000,354000,-,3823800,3141000,2726400,414400,8193000,-,2531000,2506000,293000,-,3899800,3230400,2777600,452800,8033200,-,2678000,2651000,333000,-,4071600,3371400,2906400,465200,8401800,-,2773000,2751000,266000,-,4172200,3490000,3033600,456400,8185000,-,3688,3434,3051,-,4068.4,3464.4,3079,385,7253,-
남자,"전기,가스,증기및수도사업(35~36)",1946460,1873632,873932,-,4765841.8,3539261.2,3180446.4,358814.8,14718969.4,-,2088595,2030406,698268,-,5033216.6,3699158.8,3312668.2,386490.4,16008692.6,-,2308443,2251402,684494,-,5181943.6,3801136.6,3454071.8,347065,16569685.6,-,2327293,2264298,755938,-,5059215.8,3919725.8,3552314.8,367411,13673879.6,-,2290775,2246697,528935,-,5245345.4,4102654.6,3691426.4,411228.2,13712287.6,-,2344425,2319887,294458,-,5365856,4223407.4,3788884,434523.2,13709382.8,-,2668651,2620840,573731,-,5541170.6,4402855.6,3935908.2,466947.2,13659780.2,-,2823000,2789000,411000,-,5876000,4434600,3991200,443400,17292000,-,2980000,2864000,1393000,-,5640400,4384600,3961800,422800,15068000,-,3278000,3192000,1031000,-,5795000,4615000,4170800,444600,14157800,-,3036000,3009000,329000,-,5884400,4663400,4296400,367000,14652400,-,4208,3637,6860,-,5934,4652.8,4275.8,377.2,15376,-
남자,"하수·폐기물처리,원료재생및환경복원업(37~39)",1943570,1926296,207290,-,2501983.8,2254964.8,2059252.8,195711.6,2964229.2,-,1976108,1965815,123517,-,2604002.8,2345796.4,2135329.6,210467,3098476,-,1899564,1879544,240240,-,2689688.6,2402982.8,2176982.6,226000,3440465,-,1951806,1944113,92318,-,2715544,2492218.4,2276663.8,215554.8,2679906.2,-,2099399,2081083,219793,-,2891098.2,2650182,2401372.2,248810.2,2890992.2,-,2219853,2202299,210653,-,3091440.8,2801353.4,2492074.8,309278.2,3481046.2,-,2328094,2316594,138003,-,3135791.6,2882383,2622030.8,260352,3040902.6,-,2491000,2481000,117000,-,3284800,2975400,2665200,310000,3716200,-,2495000,2467000,332000,-,3471200,3124600,2782200,342600,4157000,-,2716000,2702000,166000,-,3686000,3342400,2967800,375000,4120400,-,2717000,2706000,136000,-,3865800,3498800,3150400,348600,4402000,-,3811,3576,2822,-,3927,3576.8,3170.8,406.2,4205.6,-
남자,건설업(41~42),1915540,1896170,232438,-,2583987.4,2312946.4,2204554.8,108391.8,3252490.6,-,2017945,2005608,148043,-,2615456.6,2369049.8,2263390,105659.6,2956881,-,2179059,2154465,295127,-,2776616.4,2505738.8,2398584.8,107154.2,3250533.4,-,2310522,2294553,191626,-,2817740.2,2586490.8,2463977.6,122513,2774994.4,-,2378390,2340672,452613,-,2878363.2,2640412.8,2516983.8,123428.8,2855405.8,-,2497575,2474573,276022,-,3126274.6,2846663.4,2679384,167279.4,3355335.4,-,2510336,2486097,290862,-,3078566.6,2844562.2,2691029.2,153532.6,2808052.8,-,2636000,2612000,282000,-,3206400,2971800,2803000,169400,2811200,-,2738000,2716000,266000,-,3311000,3087400,2895800,191600,2686000,-,2925000,2908000,206000,-,3508400,3283400,3088400,195000,2698800,-,2953000,2931000,266000,-,3561000,3345200,3138200,207200,2587200,-,4403,4036,4393,-,3642.6,3440.8,3293.6,147.4,2419.2,-
남자,도매및소매업(45~47),1870742,1846944,285578,-,2744298.8,2345583.4,2272528.8,73054.8,4784583.6,-,1967241,1943453,285456,-,2875055.2,2464059.6,2378445.2,85614.2,4931947.6,-,2052442,2028337,289260,-,2934798.2,2520080.4,2409246.2,110834.2,4976610.8,-,2076878,2049730,325774,-,3041698,2663398,2556175.6,107222.2,4539601.2,-,2119427,2100701,224715,-,3069479.8,2688010.6,2545947.2,142063.6,4577629.2,-,2156536,2124186,388202,-,3180620.8,2756413.6,2606196.4,150217.4,5090485.6,-,2151692,2132895,225566,-,3205319.4,2817569.2,2674241.2,143328,4653002.4,-,2220000,2201000,231000,-,3274200,2866800,2722400,144400,4890000,-,2416000,2401000,174000,-,3474800,3064600,2906600,157800,4923000,-,2657000,2638000,236000,-,3563800,3204800,3047400,157200,4310400,-,2761000,2737000,291000,-,3691000,3320000,3189600,130400,4456200,-,3418,3270,1780,-,3924,3537.4,3401.6,135.6,4638.2,-
남자,운수업(49~52),1457748,1444806,155306,-,2574190,2146347.2,1859759.4,286587.4,5134114.6,-,1556322,1543629,152316,-,2617552.6,2221228.8,1914258.6,306970.4,4755885.4,-,1757532,1726367,373981,-,2799820.8,2332735.8,2097802,234934,5605020.2,-,1778359,1760206,217834,-,3022012.2,2526884.4,2250068.6,276815.4,5941533.6,-,1876869,1858676,218310,-,3079109.2,2600937,2305962.4,294974.6,5738068.6,-,1895917,1877544,220472,-,3167160.6,2667668.6,2353755.8,313912.8,5993904,-,1938856,1919834,228266,-,3213110.6,2787124.6,2463926.2,323197.8,5111828.4,-,2038000,2023000,178000,-,3299800,2858200,2530200,328200,5298000,-,2220000,2204000,195000,-,3451400,3014000,2679800,334400,5248000,-,2249000,2229000,242000,-,3482200,3063000,2690200,372600,5030200,-,2288000,2261000,323000,-,3566800,3125200,2788800,336400,5298400,-,3729,3368,4337,-,3547.4,3134.2,2782.6,351.4,4958,-
남자,숙박및음식점업(55~56),1495163,1484071,133104,-,1993948.8,1809259,1710428.4,98830.6,2216276.6,-,1520013,1511089,107090,-,2012340.4,1832697,1753496.2,79200.8,2155721.8,-,1506397,1498497,94800,-,2121827,1904309.8,1801152.4,103157.4,2610206.2,-,1580427,1570853,114888,-,2129525.8,1937600.6,1829012.8,108587.6,2303100.4,-,1607156,1600483,80075,-,2219879.2,2010006,1906004,104002,2518476.2,-,1673149,1663955,110327,-,2193979.2,2019302.4,1887790.2,131512,2096123.8,-,1650509,1644008,78008,-,2226282.4,2078383.2,1953365.8,125017.2,1774790.2,-,1693000,1689000,46000,-,2272800,2149400,1991200,158200,1482000,-,1792000,1787000,69000,-,2302000,2185400,2045400,140000,1401000,-,1853000,1848000,53000,-,2386600,2276600,2123600,153000,1322400,-,2031000,2027000,50000,-,2632800,2510000,2339800,170000,1473000,-,5116,4064,12620,-,2594.6,2479.8,2344,135.6,1382,-
남자,"출판,영상,방송통신및정보서비스업(58~63)",2459210,2436988,266660,-,3705989.6,3039581.6,2892147.4,147434.4,7996897.2,-,2472864,2457603,183129,-,3708615.2,3113575,2942974,170601,7140482,-,2513008,2493910,229171,-,3609356.6,3106217.6,2978303,127914.4,6037665.6,-,2520564,2482322,458906,-,3476481.2,3025513.4,2934293.2,91220.4,5411614.4,-,2595728,2575130,247178,-,3875698.2,3342068.8,3220633.8,121435.2,6403549.2,-,2639801,2615159,295699,-,3409144.6,3010689.4,2877917.8,132771.4,4781463.4,-,2680727,2669571,133871,-,3587833.6,3220634,3093231.2,127402.8,4406396.4,-,2851000,2832000,224000,-,3610400,3169000,3063200,105600,5296400,-,2886000,2868000,217000,-,3612200,3183600,3041000,143200,5137200,-,3208000,3190000,221000,-,3995600,3593400,3411600,181600,4827000,-,3181000,3138000,521000,-,4118000,3717800,3566600,151400,4801800,-,4053,3671,4582,-,4322.2,3845.4,3663.4,182.2,5718.2,-
남자,금융및보험업(64~66),2578826,2495799,996326,-,4405580.8,3189051.2,3090088,98962.8,14598354.4,-,2647083,2582286,777562,-,4447111.2,3262357,3156563.6,105793.4,14217050,-,2801807,2728841,875594,-,4701348.2,3397648.6,3299016.6,98632,15644394,-,2922989,2827760,1142743,-,4709109.8,3501967,3391833.6,110133.4,14485711.2,-,2917393,2867485,598899,-,4943035.6,3673731.2,3552670.8,121060.2,15231651,-,3182770,3115516,807045,-,5209407.4,3992522.6,3829056.6,163465.8,14602617.8,-,3459980,3403057,683070,-,5237101.6,4055239.8,3946504.2,108735.6,14182339.4,-,3568000,3489000,950000,-,5493200,4152800,4006400,146200,16087400,-,3329000,3251000,939000,-,5538000,4170200,4061200,109400,16411800,-,3360000,3269000,1092000,-,6046600,4589400,4458200,131200,17486200,-,3603000,3546000,691000,-,6132800,4523200,4398800,124400,19315000,-,2967,2743,2693,-,6376,4930,4776.6,154,17350.2,-
남자,부동산업및임대업(68~69),1516380,1496774,235269,-,2091384.6,1888009.4,1830284.2,57725,2440501.4,-,1497331,1490290,84496,-,2107928.6,1919887,1861146.4,58740.6,2256497.8,-,1609463,1601700,93150,-,2243861.4,2042205.8,1978363.2,63842.8,2419867.6,-,1650938,1640808,121564,-,2255823.2,2096290.2,2026137.2,70153.2,1914395.8,-,1747537,1736032,138062,-,2327594.2,2170015.4,2107816.2,62199.6,1890943.8,-,1704825,1699754,60848,-,2423296.2,2243766.8,2167445.2,76321.8,2154352.8,-,1827732,1821852,70560,-,2573122.8,2400869.4,2322707.6,78162,2067039.6,-,1953000,1938000,186000,-,2736000,2517400,2436400,81400,2623200,-,2137000,2127000,116000,-,2803800,2623800,2526000,97800,2160800,-,2216000,2207000,109000,-,2943600,2745200,2655000,90600,2376000,-,2339000,2334000,58000,-,2996800,2797200,2699600,97200,2397600,-,3410,3018,4703,-,3108.6,2875.2,2796,79,2798.6,-
남자,"전문,과학및기술서비스업(70~73)",2582933,2540894,504465,-,3437754,3002221,2877368.2,124853.2,5226393,-,2658475,2598774,716415,-,3396411,2977040.6,2864233.4,112806.8,5032445.8,-,2574038,2539640,412775,-,3558600,3034062,2833885.6,200176.6,6294457.4,-,2702788,2671045,380910,-,3456203.2,3035222.8,2938306.4,96916,5051762.8,-,2813194,2782105,373071,-,3763502.8,3231708.4,3100013.4,131695,6381534.4,-,2875269,2840767,414028,-,3993770,3364388,3186420,177968.2,7552581.2,-,3060078,3032943,325615,-,4003142.4,3457901.6,3248465.4,209435.6,6542887,-,3004000,2979000,299000,-,4178600,3473800,3260000,213800,8456200,-,3091000,3059000,387000,-,3935000,3386200,3249800,136400,6583600,-,3215000,3172000,515000,-,4279000,3679800,3533800,145800,7187200,-,3384000,3325000,700000,-,4836800,4284400,4130000,154000,6630400,-,2954,2677,3325,-,4634,3955.2,3774.4,181,8147.6,-
남자,사업시설관리및사업지원서비스업(74~75),1759991,1741353,223652,-,2727940.6,2246483.4,2045796,200687.4,5777487.4,-,1745388,1729526,190346,-,2685696.2,2266183.2,2047985.2,218198,5034155.8,-,1737612,1727729,118595,-,2663003.6,2324070.4,2129430.6,194639.8,4067199.2,-,1859519,1850910,103307,-,2574267.2,2282610,2082430.8,200179.2,3499887.8,-,1936714,1908389,339895,-,2640001.2,2357094.6,2098188.6,258906,3394879.2,-,2119075,2103226,190191,-,2884873.8,2600291,2338800.4,261490.8,3414997.2,-,2179972,2173976,71954,-,2943380.2,2624560.4,2360136.6,264423.8,3825835.8,-,2190000,2175000,177000,-,2994800,2693200,2431400,261600,3619200,-,2277000,2261000,191000,-,3137600,2786800,2554800,232000,4207400,-,2445000,2426000,219000,-,3314200,3013200,2778600,234800,3612400,-,2540000,2532000,89000,-,3482000,3125600,2885000,240400,4279800,-,4495,4203,3502,-,3416.8,3111.6,2889.2,222.2,3663.6,-
남자,교육서비스업(85),2032570,2023888,104184,-,2816686.6,2544667.4,2475990,68677.4,3264228.4,-,2110808,2101933,106498,-,2940505.8,2660772,2583143,77629,3356805,-,2146147,2136821,111909,-,3074323.4,2784982.4,2713404.8,71577.8,3472089.8,-,2162484,2157418,60791,-,3031815.8,2792194.2,2710951.6,81242.6,2875459.8,-,2167170,2158545,103502,-,3076211.4,2799979,2738171.6,61807.2,3314790.4,-,2133940,2122876,132771,-,3262709.6,2940161.2,2854791.8,85369.4,3870581,-,2233690,2226044,91752,-,3197501.4,2956165.8,2881266.6,74899.4,2896028.4,-,2220000,2213000,84000,-,3283800,3056200,2961200,94600,2732000,-,2390000,2379000,130000,-,3374400,3135400,3066800,68400,2870200,-,2440000,2427000,164000,-,3441400,3170400,3116600,54000,3247600,-,2444000,2434000,128000,-,3617000,3355000,3285400,69800,3146400,-,5348,3455,22720,-,3387.8,3163,3087.4,75,2702.6,-
남자,보건업및사회복지서비스업(86~87),2683648,2663651,239967,-,3000552.2,2512211.8,2383873.6,128338,5860084,-,2853499,2841770,140747,-,3049269.6,2603999,2475894.2,128104.4,5343246.6,-,2890978,2879261,140600,-,2964735.2,2629562.4,2498521.2,131041.6,4022074.2,-,2954158,2945607,102609,-,3079474.6,2795919,2651433.8,144485.2,3402664.2,-,2996830,2985520,135720,-,3212261.8,2903184.6,2753193.8,149990.8,3708926.6,-,2889182,2878707,125698,-,3102777.4,2816944.6,2658987.8,157956.6,3429992.2,-,3211912,3192452,233522,-,3187574.6,2911622.2,2746128.8,165493.6,3311432.2,-,3251000,3237000,168000,-,3256800,2986400,2819800,166600,3244000,-,3556000,3541000,185000,-,3330200,3096200,2927200,169000,2807800,-,3628000,3613000,179000,-,3479600,3222200,3045400,177000,3091800,-,3237000,3209000,338000,-,3496600,3242400,3055400,187200,3052400,-,3848,3403,5343,-,3545.8,3319.2,3140.4,179,2717.6,-
남자,"예술,스포츠및여가관련서비스업(90~91)",1723744,1709467,171324,-,2695681,2305122.4,2119585.6,185536.6,4686703.2,-,1751444,1732499,227338,-,2679294.8,2309631,2116465.6,193165.4,4435963,-,1873257,1864264,107916,-,2649863.4,2320376.6,2123779,196597.6,3953840.4,-,1981341,1968551,153478,-,2687925.6,2359955.6,2151827.6,208128.2,3935639.2,-,1993513,1986862,79806,-,2736091,2438207.8,2197410,240798,3574598.4,-,1896459,1888786,92078,-,2793359.4,2518452,2312821.6,205630.4,3298888,-,1799438,1791602,94028,-,2682901.2,2444552.6,2230651.6,213900.8,2860183.4,-,2012000,2005000,88000,-,2779200,2585600,2390400,195000,2329400,-,2207000,2195000,152000,-,3003200,2775600,2525000,250800,2728600,-,2243000,2234000,115000,-,3109400,2894000,2650000,244000,2586400,-,2288000,2280000,96000,-,3213200,2967800,2735000,232800,2946800,-,2294,2214,958,-,3092,2876.4,2693.4,182.6,2588.6,-
남자,"협회및단체,수리및기타개인서비스업(94~96)",1686231,1666147,241012,-,2385739.4,2063379.6,1987786.8,75593,3868315.4,-,1748802,1727304,257971,-,2346735.8,2063423.2,1974567,88856.4,3399751.6,-,1853557,1841865,140304,-,2519259.8,2166419.8,2071969.8,94450.2,4234080,-,1865490,1849865,187500,-,2524143,2258313.4,2159331.2,98982.2,3189956,-,1901320,1892280,108484,-,2699491.6,2393390.8,2267234.8,126155.8,3673206.8,-,1942837,1929887,155401,-,2807514,2398802.2,2214090.4,184712,4904541.4,-,1981853,1968939,154963,-,2668477.2,2379869.2,2251252.8,128616.8,3463293.2,-,2058000,2030000,329000,-,2808600,2509200,2382400,126800,3593200,-,2220000,2207000,165000,-,2955200,2645600,2509600,135600,3718200,-,2386000,2372000,165000,-,3091000,2792200,2641000,151000,3586000,-,2524000,2514000,122000,-,3199600,2886600,2734600,152200,3754600,-,2759,2522,2844,-,3310.4,2962.8,2850.4,112.8,4171.8,-
