"성별","직업대분류별","교육정도별",2009,2009,2009,2009,2009,2009,2010,2010,2010,2010,2010,2010,2011,2011,2011,2011,2011,2011,2012,2012,2012,2012,2012,2012,2013,2013,2013,2013,2013,2013,2014,2014,2014,2014,2014,2014,2015,2015,2015,2015,2015,2015,2016,2016,2016,2016,2016,2016,2017,2017,2017,2017,2017,2017,2018,2018,2018,2018,2018,2018,2019,2019,2019,2019,2019,2019
"성별","직업대분류별","교육정도별",월임금총액 (원),월급여액 (원),정액급여 (원),초과급여 (원),연간특별급여액 (원),임금격차 (%),월임금총액 (원),월급여액 (원),정액급여 (원),초과급여 (원),연간특별급여액 (원),임금격차 (%),월임금총액 (원),월급여액 (원),정액급여 (원),초과급여 (원),연간특별급여액 (원),임금격차 (%),월임금총액 (원),월급여액 (원),정액급여 (원),초과급여 (원),연간특별급여액 (원),임금격차 (%),월임금총액 (원),월급여액 (원),정액급여 (원),초과급여 (원),연간특별급여액 (원),임금격차 (%),월임금총액 (원),월급여액 (원),정액급여 (원),초과급여 (원),연간특별급여액 (원),임금격차 (%),월임금총액 (원),월급여액 (원),정액급여 (원),초과급여 (원),연간특별급여액 (원),임금격차 (%),월임금총액 (원),월급여액 (원),정액급여 (원),초과급여 (원),연간특별급여액 (원),임금격차 (%),월임금총액 (원),월급여액 (원),정액급여 (원),초과급여 (원),연간특별급여액 (원),임금격차 (%),월임금총액 (원),월급여액 (원),정액급여 (원),초과급여 (원),연간특별급여액 (원),임금격차 (%),월임금총액 (원),월급여액 (원),정액급여 (원),초과급여 (원),연간특별급여액 (원),임금격차 (%)
"전체","계","계",2710362,2270303,2114525,155777,5280702,-,2785033,2360466,2191824,168642,5094798,-,2915717,2454269,2267991,186278,5537381,-,2997423,2566585,2370888,195697,5170050,-,3116401,2659549,2450769,208780,5482221,-,3235209,2753757,2545109,208647,5777427,-,3268855,2819807,2607496,212310,5388574,-,3351000,2892000,2686000,207000,5508000,-,3446000,3002000,2779000,222000,5338000,-,3593000,3137000,2911000,225000,5475000,-,3720000,3259000,3042000,216000,5537000,-
"전체","계","중졸이하",1893259,1606816,1381398,225418,3437311,-,1945880,1674394,1413755,260639,3257837,-,1983238,1691614,1445732,245882,3499487,-,2000925,1741020,1467783,273237,3118855,-,2128714,1836322,1542271,294050,3508705,-,1973996,1761769,1512644,249125,2546719,-,1998355,1802260,1559412,242848,2353144,-,2109000,1908000,1650000,259000,2401000,-,2159000,1938000,1690000,247000,2658000,-,2316000,2102000,1838000,264000,2571000,-,2389000,2205000,1957000,248000,2202000,-
"전체","계","고졸",2271067,1894846,1666846,227999,4514656,-,2297358,1946577,1697936,248642,4209369,-,2433172,2033919,1759671,274248,4791035,-,2482964,2112050,1818629,293421,4450970,-,2585320,2188551,1888046,300505,4761231,-,2642577,2245093,1953021,292071,4769803,-,2575665,2248797,1954480,294317,3922413,-,2641000,2314000,2027000,288000,3924000,-,2775000,2435000,2129000,306000,4079000,-,2880000,2556000,2251000,305000,3890000,-,2991000,2660000,2376000,284000,3973000,-
"전체","계","전문대졸",2366073,2001235,1866443,134792,4378058,-,2411352,2069576,1923886,145690,4101308,-,2583343,2203631,2037650,165982,4556538,-,2645233,2290695,2119800,170895,4254450,-,2766644,2385548,2189194,196354,4573146,-,2971591,2523868,2307085,216783,5372680,-,2933833,2553825,2349626,204199,4560096,-,3028000,2629000,2419000,209000,4787000,-,3101000,2726000,2496000,230000,4501000,-,3235000,2857000,2632000,225000,4536000,-,3342000,2958000,2742000,217000,4600000,-
"전체","계","대졸이상",3497206,2923995,2846748,77247,6878535,-,3564406,3005691,2918215,87476,6704585,-,3723896,3131925,3037048,94877,7103650,-,3814135,3264439,3166402,98038,6596354,-,3957007,3381382,3272906,108475,6907499,-,4063034,3455496,3334811,120685,7290450,-,4190910,3572097,3436202,135895,7425755,-,4245000,3618000,3491000,126000,7530000,-,4291000,3707000,3565000,141000,7016000,-,4443000,3824000,3671000,153000,7424000,-,4571000,3951000,3796000,156000,7442000,-
"전체","관리자","계",5098699,4285756,4220091,65665,9755311,-,5303454,4486340,4420707,65633,9805371,-,5840894,4810208,4736395,73812,12368229,-,5975088,4944050,4867153,76897,12372450,-,6357900,5442474,5326202,116272,10985115,-,7238542,6170801,6024986,145816,12812893,-,7935854,6754899,6607065,147834,14171457,-,8380000,7065000,6913000,152000,15775000,-,8290000,7114000,6940000,174000,14109000,-,8852000,7566000,7383000,183000,15429000,-,9829000,8589000,8441000,148000,14879000,-
"전체","관리자","중졸이하",3275935,2728623,2587982,140641,6567740,-,3240011,2875675,2782087,93588,4372030,-,4010186,3419002,3303674,115328,7094204,-,4931145,4207759,4160975,46784,8680629,-,4531066,3910961,3782438,128523,7441256,-,5602592,5039728,4765422,274306,6754367,-,6905109,6502176,6373370,128807,4835196,-,7723000,6865000,6698000,167000,10301000,-,4788000,4371000,4307000,64000,5000000,-,5475000,4953000,4828000,125000,6265000,-,7879000,7359000,7201000,158000,6234000,-
"전체","관리자","고졸",3940309,3270684,3165449,105234,8035502,-,3796242,3206930,3105449,101481,7071747,-,4467026,3672884,3553109,119775,9529709,-,4900831,4002027,3866291,135736,10785643,-,4934839,4241661,4050107,191554,8318131,-,5467183,4703362,4489772,213591,9165848,-,5894847,5141967,4942006,199962,9034561,-,6413000,5536000,5334000,202000,10524000,-,6361000,5565000,5328000,236000,9561000,-,7147000,6280000,6072000,208000,10404000,-,8027000,7202000,7018000,184000,9903000,-
"전체","관리자","전문대졸",3735050,3178997,3082518,96479,6672634,-,3868897,3283609,3199211,84397,7023452,-,4113961,3425913,3328223,97689,8256579,-,4322641,3655084,3547327,107757,8010684,-,4529967,3847764,3674661,173103,8186437,-,5450408,4785882,4540336,245545,7974311,-,5771095,4965326,4769208,196118,9669231,-,6096000,5191000,4978000,212000,10863000,-,5711000,5055000,4848000,207000,7871000,-,7131000,6214000,5955000,260000,11002000,-,7406000,6633000,6382000,251000,9275000,-
"전체","관리자","대졸이상",5646982,4751795,4702600,49194,10742244,-,5885662,4975820,4921596,54225,10918108,-,6345484,5221467,5160473,60994,13488207,-,6426515,5318449,5258055,60394,13296791,-,7098757,6076259,5990969,85290,12269976,-,7991757,6778257,6666553,111704,14562005,-,8658750,7331466,7200662,130803,15927413,-,9028000,7578000,7442000,136000,17399000,-,9008000,7689000,7529000,160000,15832000,-,9339000,7940000,7770000,170000,16788000,-,10323000,8976000,8843000,133000,16158000,-
"전체","전문가 및 관련 종사자","계",3180254,2696829,2612918,83911,5801095,-,3281189,2810645,2717646,92998,5646525,-,3400944,2925758,2826462,99296,5702234,-,3492397,3053503,2947802,105701,5266731,-,3574674,3103261,2989397,113864,5656954,-,3659193,3146926,3028543,118384,6147200,-,3778541,3267285,3131673,135612,6135068,-,3878000,3334000,3208000,126000,6528000,-,3963000,3465000,3323000,142000,5981000,-,4090000,3558000,3410000,148000,6385000,-,4221000,3685000,3530000,155000,6435000,-
"전체","전문가 및 관련 종사자","중졸이하",2199118,1827424,1673533,153891,4460323,-,2395346,2029469,1863937,165531,4390518,-,2177906,1891383,1731387,159996,3438279,-,2356336,2073964,1917996,155968,3388469,-,2665496,2276757,2070130,206627,4664867,-,2031206,1778532,1650372,128161,3032093,-,2343476,2166058,2039203,126855,2129011,-,2673000,2406000,2263000,143000,3205000,-,2724000,2475000,2326000,150000,2987000,-,3240000,2932000,2736000,197000,3695000,-,3142000,2909000,2684000,225000,2804000,-
"전체","전문가 및 관련 종사자","고졸",2372683,2022179,1902991,119189,4206053,-,2370386,2046061,1915643,130419,3891903,-,2577779,2187463,2036508,150955,4683795,-,2558158,2238162,2076111,162052,3839951,-,2684830,2284310,2116054,168257,4806237,-,2825459,2373511,2203216,170295,5423375,-,2635842,2328118,2171240,156878,3692692,-,2824000,2450000,2283000,167000,4481000,-,2953000,2576000,2403000,172000,4523000,-,3018000,2629000,2458000,171000,4673000,-,3248000,2806000,2635000,171000,5303000,-
"전체","전문가 및 관련 종사자","전문대졸",2333612,2025243,1926718,98525,3700433,-,2371614,2077915,1972126,105789,3524384,-,2479436,2177269,2061038,116232,3626007,-,2488323,2247391,2130048,117343,2891181,-,2614090,2331365,2199896,131469,3392703,-,2695388,2390086,2251370,138716,3663627,-,2714426,2447075,2319955,127120,3208210,-,2806000,2519000,2384000,135000,3450000,-,2854000,2602000,2450000,152000,3028000,-,2992000,2715000,2570000,145000,3322000,-,3109000,2841000,2692000,148000,3222000,-
"전체","전문가 및 관련 종사자","대졸이상",3632162,3061940,2989958,71982,6842666,-,3733929,3180563,3098114,82449,6640389,-,3864987,3313826,3229040,84786,6613930,-,3979878,3455535,3362852,92683,6292116,-,4064623,3515409,3417606,97803,6590562,-,4100447,3511869,3407721,104149,7062931,-,4279954,3661877,3526509,135368,7416923,-,4349000,3704000,3585000,118000,7746000,-,4412000,3829000,3694000,135000,7001000,-,4532000,3912000,3767000,145000,7442000,-,4646000,4026000,3871000,155000,7445000,-
"전체","사무 종사자","계",2865047,2367193,2283489,83705,5974243,-,2931786,2447381,2355124,92257,5812860,-,3166780,2630888,2523990,106898,6430709,-,3315078,2804922,2695604,109318,6121867,-,3389931,2866182,2746642,119539,6284990,-,3575447,3007092,2878282,128810,6820256,-,3634421,3097533,2966160,131374,6442650,-,3697000,3169000,3046000,122000,6335000,-,3745000,3238000,3105000,133000,6083000,-,3962000,3428000,3288000,140000,6406000,-,4131000,3581000,3441000,139000,6609000,-
"전체","사무 종사자","중졸이하",2629520,2138146,1982329,155817,5896492,-,2696370,2235347,2051870,183477,5532274,-,2998827,2399560,2165620,233940,7191209,-,3118379,2603283,2391801,211482,6181150,-,3071161,2567203,2329285,237918,6047490,-,2923594,2506486,2276112,230374,5005294,-,3129728,2726148,2483446,242701,4842957,-,3434000,2985000,2780000,206000,5386000,-,3360000,2920000,2688000,232000,5285000,-,3644000,3273000,3006000,267000,4450000,-,3742000,3404000,3224000,180000,4060000,-
"전체","사무 종사자","고졸",2580549,2113944,2010196,103748,5599256,-,2652739,2204625,2089736,114889,5377363,-,2835853,2343306,2202223,141083,5910567,-,2868823,2427322,2277831,149490,5298006,-,2928606,2474316,2325383,148932,5451481,-,3166276,2641562,2482709,158853,6296568,-,3059849,2638388,2478425,159964,5057527,-,3115000,2705000,2560000,145000,4921000,-,3159000,2767000,2613000,154000,4701000,-,3412000,2999000,2837000,162000,4962000,-,3560000,3140000,2978000,162000,5031000,-
"전체","사무 종사자","전문대졸",2335221,1968001,1890628,77372,4406645,-,2392847,2054948,1970642,84306,4054792,-,2608930,2230689,2126788,103902,4538894,-,2753481,2376244,2274585,101659,4526843,-,2821733,2429249,2309140,120109,4709804,-,3026446,2576978,2449471,127507,5393612,-,3020807,2640521,2514076,126445,4563436,-,3108000,2718000,2596000,123000,4669000,-,3185000,2799000,2663000,136000,4635000,-,3341000,2972000,2836000,136000,4431000,-,3464000,3089000,2962000,127000,4504000,-
"전체","사무 종사자","대졸이상",3303189,2722309,2649320,72989,6970562,-,3327024,2757971,2676425,81546,6828641,-,3568987,2947506,2859447,88059,7457771,-,3753951,3159266,3068817,90449,7136216,-,3842617,3234428,3132206,102222,7298272,-,3973910,3340143,3226137,114005,7605202,-,4105021,3462008,3343046,118962,7716156,-,4149000,3523000,3412000,111000,7514000,-,4176000,3581000,3459000,122000,7138000,-,4388000,3751000,3619000,131000,7647000,-,4572000,3912000,3778000,134000,7919000,-
"전체","서비스 종사자","계",1814987,1612133,1498863,113269,2434253,-,1798920,1617363,1503563,113800,2178680,-,1807296,1627694,1507816,119878,2155218,-,1900559,1710091,1587517,122574,2285613,-,1969878,1778565,1628864,149700,2295755,-,1857292,1724582,1582711,141871,1592514,-,1774718,1665723,1531057,134666,1307937,-,1764000,1668000,1537000,130000,1159000,-,1912000,1811000,1682000,129000,1207000,-,2014000,1913000,1784000,128000,1214000,-,2114000,2029000,1901000,128000,1029000,-
"전체","서비스 종사자","중졸이하",1590047,1417728,1326013,91714,2067828,-,1662196,1496688,1391117,105571,1986091,-,1431606,1347247,1281713,65534,1012310,-,1423664,1339081,1256020,83061,1014993,-,1491021,1418301,1294953,123348,872639,-,1449439,1391474,1280144,111330,695574,-,1370282,1329419,1228068,101352,490352,-,1480000,1434000,1321000,113000,547000,-,1372000,1342000,1261000,81000,355000,-,1542000,1508000,1419000,89000,410000,-,1757000,1724000,1626000,98000,402000,-
"전체","서비스 종사자","고졸",1668229,1517130,1416537,100593,1813193,-,1673712,1528011,1415385,112626,1748409,-,1662471,1545585,1426144,119441,1402636,-,1728464,1603766,1476226,127540,1496379,-,1740723,1637999,1487090,150909,1232683,-,1673222,1595701,1468594,127107,930247,-,1615907,1547579,1418076,129503,819934,-,1575000,1520000,1404000,115000,665000,-,1744000,1675000,1560000,115000,824000,-,1824000,1764000,1652000,113000,715000,-,1935000,1885000,1774000,111000,599000,-
"전체","서비스 종사자","전문대졸",1979312,1742645,1606454,136191,2840004,-,1958548,1739084,1618414,120670,2633573,-,2037267,1791562,1650012,141551,2948460,-,2209744,1900686,1744621,156065,3708690,-,2293384,1995413,1815736,179677,3575648,-,2335649,2118125,1913298,204826,2610288,-,2105241,1904076,1724348,179729,2413975,-,2217000,2026000,1847000,178000,2302000,-,2236000,2083000,1910000,173000,1833000,-,2397000,2226000,2066000,160000,2056000,-,2596000,2421000,2234000,187000,2098000,-
"전체","서비스 종사자","대졸이상",2357106,1962357,1818133,144224,4736990,-,2171636,1886826,1774152,112674,3417714,-,2343006,1948555,1808899,139656,4733417,-,2444404,2099335,1998979,100355,4140833,-,2766531,2292125,2163915,128209,5692866,-,2408748,2085300,1927581,157720,3881378,-,2475702,2228399,2094819,133580,2967635,-,2495000,2244000,2076000,168000,3017000,-,2591000,2371000,2200000,171000,2634000,-,2792000,2530000,2338000,192000,3151000,-,2732000,2527000,2355000,172000,2464000,-
"전체","판매 종사자","계",2526484,2167108,2090804,76304,4312507,-,2618933,2270084,2192793,77291,4186191,-,2778257,2390258,2298775,91483,4655988,-,2697726,2357269,2267394,89875,4085486,-,2816927,2454217,2338302,115914,4352520,-,2836872,2461685,2333839,127846,4502240,-,2857087,2544833,2430729,114104,3747044,-,2971000,2633000,2522000,111000,4057000,-,2998000,2691000,2573000,118000,3685000,-,3081000,2784000,2660000,124000,3560000,-,3223000,2904000,2786000,118000,3831000,-
"전체","판매 종사자","중졸이하",2159304,1822575,1746256,76319,4040748,-,2233449,1902476,1804210,98267,3971678,-,2201323,2025652,1940031,85621,2108049,-,1885987,1730418,1617321,113097,1866826,-,2064409,1860615,1747580,113035,2445532,-,1907920,1758120,1572827,185294,1797599,-,1904764,1765350,1658928,106421,1672965,-,1844000,1736000,1624000,112000,1300000,-,2389000,2208000,2072000,137000,2171000,-,2435000,2253000,2089000,164000,2188000,-,2652000,2516000,2446000,71000,1629000,-
"전체","판매 종사자","고졸",1983606,1738147,1649681,88466,2945510,-,2101754,1866754,1774901,91853,2819996,-,2202546,1946576,1846836,99741,3071640,-,2158585,1939762,1842221,97541,2625877,-,2243991,2001125,1867523,133602,2914390,-,2240408,1977743,1837216,140527,3151983,-,2225875,2029935,1905182,124753,2351284,-,2315000,2105000,1989000,116000,2515000,-,2312000,2132000,2011000,122000,2155000,-,2363000,2215000,2105000,110000,1773000,-,2566000,2400000,2291000,109000,1990000,-
"전체","판매 종사자","전문대졸",2366361,2041038,1929479,111559,3903874,-,2447042,2107908,2013474,94434,4069602,-,2646545,2295035,2172827,122209,4218114,-,2625545,2277416,2160779,116636,4177542,-,2686616,2380292,2228949,151343,3675884,-,2764303,2402168,2253608,148560,4345614,-,2827272,2501876,2380719,121158,3904748,-,2908000,2590000,2460000,130000,3814000,-,2975000,2636000,2486000,150000,4070000,-,3131000,2832000,2670000,161000,3598000,-,3200000,2893000,2777000,116000,3678000,-
"전체","판매 종사자","대졸이상",3197569,2698442,2653491,44951,5989527,-,3236358,2767129,2713600,53529,5630745,-,3431655,2888784,2821078,67706,6514448,-,3305731,2840199,2772277,67922,5586388,-,3474739,2960005,2879284,80721,6176812,-,3616381,3093091,2993161,99930,6279478,-,3552942,3121435,3021589,99846,5178087,-,3712000,3225000,3128000,97000,5842000,-,3748000,3316000,3215000,101000,5183000,-,3968000,3484000,3362000,123000,5808000,-,3958000,3463000,3334000,129000,5936000,-
"전체","농림어업 숙련 종사자","계",2017522,1769519,1666704,102815,2976036,-,2174910,1913601,1821565,92036,3135706,-,2258031,1954834,1823325,131508,3638363,-,2297468,2018361,1877487,140874,3349282,-,2225197,2046701,1910902,135800,2141955,-,2332410,2151259,1981893,169365,2173808,-,2204442,2047554,1889393,158161,1882657,-,2489000,2289000,2116000,173000,2396000,-,2531000,2313000,2113000,200000,2620000,-,2461000,2305000,2158000,147000,1874000,-,2506000,2402000,2254000,148000,1250000,-
"전체","농림어업 숙련 종사자","중졸이하",1581208,1365440,1309555,55886,2589219,-,1810204,1584917,1492574,92343,2703439,-,1715123,1549046,1436755,112291,1992926,-,2075143,1817815,1660029,157787,3087940,-,1783664,1698366,1600601,97765,1023577,-,1843262,1689600,1461846,227754,1843949,-,1671079,1579506,1445004,134502,1098878,-,2043000,1920000,1746000,174000,1470000,-,1990000,1841000,1668000,172000,1787000,-,2025000,1943000,1852000,91000,982000,-,2101000,2047000,1948000,99000,655000,-
"전체","농림어업 숙련 종사자","고졸",1974279,1764387,1632201,132186,2518706,-,2070865,1868565,1774190,94374,2427596,-,2336435,1993216,1862206,131010,4118629,-,2264457,1964753,1806592,158161,3596447,-,2213517,2022424,1866177,156248,2293116,-,2150228,2007629,1832217,175411,1711187,-,2009902,1893454,1738772,154682,1397377,-,2184000,2039000,1875000,164000,1747000,-,2425000,2235000,2057000,178000,2281000,-,2270000,2174000,2043000,132000,1145000,-,2377000,2302000,2150000,153000,891000,-
"전체","농림어업 숙련 종사자","전문대졸",2829995,2339109,2131988,207121,5890636,-,2444570,2115652,2005865,109787,3947010,-,2709543,2348006,2125084,222922,4338446,-,2295526,2040222,1905047,135175,3063653,-,2558602,2368130,2197265,170865,2285669,-,2586505,2383948,2162700,221248,2430681,-,2516734,2323733,2124851,198882,2316017,-,2542000,2355000,2196000,159000,2254000,-,2754000,2460000,2163000,297000,3524000,-,2631000,2413000,2232000,182000,2605000,-,2791000,2639000,2438000,201000,1819000,-
"전체","농림어업 숙련 종사자","대졸이상",2315881,2016892,1965012,51880,3587871,-,2665078,2226655,2155749,70906,5261072,-,2538527,2205578,2103022,102556,3995392,-,2497973,2237368,2140377,96991,3127257,-,2400232,2184488,2079180,105308,2588932,-,2824003,2555104,2453621,101484,3226787,-,2935579,2628430,2475278,153152,3685785,-,3118000,2797000,2601000,196000,3851000,-,2926000,2659000,2464000,195000,3214000,-,2940000,2662000,2479000,183000,3335000,-,2759000,2602000,2480000,122000,1888000,-
"전체","기능원 및 관련 기능 종사자","계",2424988,2046643,1824955,221688,4540145,-,2507044,2123991,1882299,241691,4596637,-,2642700,2214802,1939976,274826,5134781,-,2707153,2316042,2034610,281432,4693331,-,2878848,2432543,2134135,298408,5355658,-,3150997,2604918,2271484,333433,6552947,-,2984410,2556723,2224578,332145,5132245,-,3073000,2645000,2345000,299000,5142000,-,3191000,2772000,2461000,311000,5026000,-,3294000,2898000,2589000,310000,4755000,-,3360000,2961000,2662000,299000,4786000,-
"전체","기능원 및 관련 기능 종사자","중졸이하",2202132,1835119,1604025,231094,4404158,-,2324244,1937438,1659244,278193,4641669,-,2633728,2063984,1743272,320712,6836929,-,2427616,2016685,1670816,345869,4931168,-,2580605,2121979,1768485,353494,5503513,-,2535935,2166561,1842817,323744,4432484,-,2573301,2194528,1851320,343208,4545276,-,2700000,2333000,1979000,355000,4394000,-,2822000,2359000,2078000,282000,5556000,-,2905000,2517000,2196000,321000,4651000,-,2786000,2488000,2173000,315000,3577000,-
"전체","기능원 및 관련 기능 종사자","고졸",2342365,1990474,1749940,240534,4222694,-,2417674,2057246,1796425,260822,4325134,-,2530995,2131130,1827697,303432,4798382,-,2628598,2249130,1925906,323224,4553619,-,2808491,2357331,2023504,333827,5413921,-,2944905,2470943,2122458,348485,5687540,-,2838718,2455057,2103944,351112,4603928,-,2934000,2547000,2223000,324000,4646000,-,3025000,2655000,2324000,331000,4432000,-,3106000,2770000,2440000,330000,4034000,-,3208000,2866000,2557000,309000,4108000,-
"전체","기능원 및 관련 기능 종사자","전문대졸",2545891,2125551,1922441,203110,5044079,-,2599480,2185447,1961734,223712,4968401,-,2664423,2252312,2013010,239302,4945332,-,2765503,2358300,2140959,217341,4886439,-,2906143,2485993,2237718,248275,5041804,-,3676979,2865162,2498069,367093,9741805,-,3304441,2751488,2393979,357509,6635439,-,3368000,2800000,2495000,305000,6811000,-,3434000,2949000,2622000,327000,5826000,-,3531000,3040000,2711000,329000,5898000,-,3596000,3076000,2746000,330000,6243000,-
"전체","기능원 및 관련 기능 종사자","대졸이상",2933321,2458081,2325473,132608,5702883,-,2952861,2506581,2361389,145192,5355355,-,3125204,2635332,2468467,166865,5878461,-,3110096,2702871,2544712,158159,4886705,-,3319054,2864398,2683695,180704,5455872,-,3467143,2946929,2718216,228713,6242571,-,3292104,2842112,2622193,219919,5399908,-,3356000,2921000,2737000,185000,5215000,-,3627000,3120000,2884000,236000,6088000,-,3728000,3240000,3018000,222000,5857000,-,3708000,3243000,3011000,233000,5573000,-
"전체","장치,기계조작 및 조립종사자","계",2373821,1916041,1556212,359828,5493362,-,2417355,1989589,1585704,403885,5133191,-,2653191,2120872,1691194,429678,6387822,-,2709074,2215215,1747456,467759,5926312,-,2799396,2284211,1810287,473923,6182214,-,2872567,2369460,1909355,460105,6037278,-,2905523,2441751,1967262,474489,5565266,-,3007000,2533000,2057000,476000,5685000,-,3219000,2699000,2187000,512000,6241000,-,3324000,2819000,2296000,523000,6065000,-,3421000,2903000,2418000,485000,6222000,-
"전체","장치,기계조작 및 조립종사자","중졸이하",2255715,1833153,1453159,379994,5070742,-,2320606,1911948,1461294,450654,4903895,-,2463832,1998155,1558475,439680,5588122,-,2523586,2086810,1588113,498697,5241313,-,2680614,2190553,1668693,521860,5880730,-,2478425,2103532,1656304,447228,4498712,-,2588422,2214862,1749048,465814,4482720,-,2685000,2320000,1836000,483000,4385000,-,2832000,2419000,1910000,510000,4951000,-,2955000,2551000,2027000,524000,4844000,-,3022000,2633000,2123000,510000,4667000,-
"전체","장치,기계조작 및 조립종사자","고졸",2332197,1885484,1515324,370159,5360561,-,2354080,1943789,1531008,412780,4923486,-,2587563,2073068,1627027,446042,6173934,-,2657104,2167859,1681522,486337,5870939,-,2726550,2225096,1741886,483210,6017448,-,2787172,2298802,1829966,468836,5860437,-,2798071,2365885,1876408,489477,5186235,-,2880000,2447000,1964000,483000,5195000,-,3095000,2607000,2084000,524000,5850000,-,3200000,2732000,2198000,533000,5622000,-,3307000,2819000,2330000,490000,5857000,-
"전체","장치,기계조작 및 조립종사자","전문대졸",2519158,1984442,1640772,343670,6416588,-,2580068,2094817,1705721,389096,5823008,-,2871278,2248650,1836664,411986,7471539,-,2908389,2332834,1882970,449865,6906661,-,3080375,2450165,1954545,495619,7562515,-,3318390,2636933,2111926,525007,8177481,-,3378823,2727141,2213194,513948,7820189,-,3558000,2848000,2299000,549000,8514000,-,3668000,2998000,2411000,587000,8038000,-,3738000,3054000,2486000,568000,8204000,-,3887000,3152000,2600000,552000,8826000,-
"전체","장치,기계조작 및 조립종사자","대졸이상",2815778,2312147,2085564,226583,6043570,-,2962631,2418370,2157321,261049,6531135,-,3229380,2574805,2301371,273434,7854903,-,3126503,2657818,2389270,268548,5624219,-,3203970,2715462,2431365,284097,5862092,-,3260772,2796637,2502947,293690,5569618,-,3355960,2831677,2530901,300776,6291395,-,3432000,2906000,2594000,311000,6319000,-,3717000,3106000,2773000,333000,7327000,-,3777000,3215000,2818000,397000,6752000,-,3761000,3266000,2909000,357000,5938000,-
"전체","단순노무 종사자","계",1499646,1374138,1235296,138842,1506094,-,1512883,1403237,1259612,143625,1315750,-,1618287,1490408,1327848,162559,1534551,-,1623810,1515156,1362611,152545,1303853,-,1723083,1593169,1415285,177884,1558968,-,1761019,1632584,1434287,198297,1541219,-,1740467,1631658,1450639,181019,1305713,-,1866000,1746000,1526000,221000,1439000,-,2003000,1869000,1635000,235000,1609000,-,2140000,2018000,1784000,234000,1460000,-,2197000,2095000,1883000,212000,1227000,-
"전체","단순노무 종사자","중졸이하",1293596,1204389,1109148,95241,1070484,-,1352656,1271348,1168355,102993,975699,-,1383643,1300438,1187808,112630,998464,-,1380383,1312152,1193931,118221,818774,-,1456225,1376360,1249006,127355,958384,-,1460276,1394350,1263567,130783,791107,-,1461004,1409260,1292018,117242,620930,-,1552000,1493000,1358000,135000,714000,-,1594000,1529000,1407000,122000,779000,-,1788000,1709000,1578000,131000,953000,-,1879000,1826000,1700000,126000,634000,-
"전체","단순노무 종사자","고졸",1550471,1418589,1259306,159283,1582583,-,1540211,1426007,1266830,159178,1370450,-,1648765,1514455,1331772,182683,1611724,-,1641654,1531821,1365554,166267,1317999,-,1748536,1615481,1425469,190011,1596662,-,1783298,1650752,1437331,213421,1590554,-,1755102,1644001,1449217,194784,1333212,-,1881000,1760000,1523000,237000,1446000,-,2047000,1907000,1646000,260000,1680000,-,2167000,2048000,1794000,254000,1438000,-,2222000,2120000,1893000,226000,1223000,-
"전체","단순노무 종사자","전문대졸",1748706,1558471,1400214,158257,2282815,-,1747072,1581276,1404210,177066,1989550,-,1938465,1759917,1579653,180263,2142570,-,1994776,1811213,1636755,174458,2202755,-,2138208,1902465,1652009,250455,2828916,-,2115439,1883725,1636743,246982,2780572,-,2103363,1898539,1651693,246846,2457891,-,2152000,1923000,1649000,274000,2748000,-,2295000,2088000,1828000,260000,2480000,-,2370000,2184000,1912000,273000,2233000,-,2417000,2243000,1992000,251000,2092000,-
"전체","단순노무 종사자","대졸이상",1801256,1618337,1500773,117564,2195031,-,1740164,1609787,1479567,130220,1564529,-,2093541,1869348,1704791,164557,2690318,-,2079177,1891656,1767924,123732,2250255,-,2111502,1926176,1752351,173825,2223908,-,2135836,1959640,1747759,211881,2114354,-,2045149,1892840,1735573,157267,1827713,-,2153000,2017000,1808000,209000,1634000,-,2144000,2000000,1809000,191000,1734000,-,2262000,2116000,1926000,190000,1753000,-,2266000,2158000,1983000,174000,1302000,-
"여자","계","계",1952162,1692533,1598822,93711,3115543,63.5,2018542,1771724,1673023,98701,2961818,63.9,2120969,1861940,1752035,109905,3108344,64.0,2203688,1958161,1842569,115592,2946318,64.7,2290965,2032905,1907157,125748,3096722,64.6,2367935,2091743,1959732,132011,3314304,63.7,2362213,2119480,1996942,122537,2912790,62.5,2454000,2203000,2081000,123000,3005000,63.4,2544000,2298000,2173000,125000,2942000,63.9,2703000,2449000,2320000,129000,3044000,65.2,2827000,2574000,2453000,121000,3044000,66.1
"여자","계","중졸이하",1330850,1200810,1064343,136467,1560484,60.0,1386036,1262854,1109056,153799,1478181,60.8,1403170,1291304,1147720,143585,1342393,58.7,1429365,1331224,1175859,155366,1177689,58.3,1498241,1392729,1229269,163460,1266142,57.8,1478203,1373816,1222447,151369,1252649,62.2,1450916,1371808,1237081,134727,949294,58.6,1553000,1468000,1324000,144000,1023000,60.2,1539000,1456000,1324000,132000,996000,56.4,1714000,1632000,1501000,131000,984000,59.8,1821000,1756000,1628000,128000,780000,62.1
"여자","계","고졸",1658880,1430588,1304597,125991,2739498,64.8,1679933,1475079,1340604,134475,2458246,64.8,1778460,1551572,1398498,153074,2722650,64.5,1827538,1619646,1458560,161087,2494707,64.7,1896342,1681351,1511393,169958,2579891,64.3,2056777,1780569,1597000,183569,3314500,68.6,1933690,1744540,1581113,163427,2269801,65.1,2006000,1812000,1647000,165000,2328000,66.1,2089000,1902000,1739000,163000,2246000,65.3,2225000,2042000,1878000,164000,2202000,67.1,2333000,2156000,2009000,147000,2117000,68.1
"여자","계","전문대졸",1876034,1623635,1545959,77676,3028786,68.9,1927033,1695983,1616019,79963,2772597,69.6,2079284,1831845,1740106,91739,2969267,70.7,2148017,1914988,1820888,94100,2796345,71.6,2215593,1971050,1863688,107362,2934516,70.2,2289489,2043672,1933125,110547,2949800,66.0,2303661,2077807,1975087,102720,2710252,67.8,2372000,2142000,2039000,103000,2762000,67.4,2404000,2187000,2078000,109000,2596000,66.2,2563000,2338000,2231000,107000,2698000,68.0,2663000,2445000,2343000,101000,2614000,68.4
"여자","계","대졸이상",2530992,2195923,2140402,55521,4020824,65.7,2590222,2260821,2199764,61057,3952810,65.7,2737109,2396506,2334689,61817,4087231,66.6,2862347,2531458,2465114,66345,3970663,68.3,2962646,2615320,2537871,77449,4167907,67.7,2944671,2620109,2540225,79884,3894747,64.8,3038584,2697816,2613082,84734,4089217,64.7,3114000,2768000,2684000,84000,4148000,65.3,3206000,2867000,2774000,93000,4071000,66.4,3367000,3009000,2905000,104000,4299000,67.5,3498000,3132000,3027000,104000,4396000,68.3
"여자","관리자","계",4003491,3506291,3461477,44814,5966397,77.0,4157650,3631943,3569244,62699,6308480,76.9,4453717,3886319,3836531,49788,6808780,74.6,4448838,3868697,3801325,67371,6961687,72.8,4587707,4064010,3978317,85693,6284365,69.8,5568304,4908506,4817480,91026,7917575,74.8,5960682,5316190,5222182,94008,7733908,72.9,6829000,5943000,5849000,94000,10625000,79.6,6280000,5522000,5390000,132000,9101000,73.1,7194000,6342000,6207000,135000,10221000,79.3,8024000,7271000,7146000,124000,9043000,80.1
"여자","관리자","중졸이하",2758149,2591367,2585967,5400,2001378,83.5,2671937,2589207,2478040,111166,992755,81.1,5106957,4263013,4263013,-,10127330,132.6,4895485,4315696,4283746,31950,6957472,99.2,4338763,3740441,3740441,-,7179866,95.3,3968356,3549751,3526996,22755,5023262,67.3,5015168,4667512,4585632,81880,4171877,69.8,11166000,7531000,7531000,-,43621000,148.8,3293000,3229000,3224000,6000,761000,66.6,3126000,2988000,2919000,69000,1658000,56.1,6484000,6195000,5955000,240000,3479000,79.8
"여자","관리자","고졸",3458889,2913566,2865938,47628,6543877,86.8,3164998,2751420,2678851,72568,4962932,82.1,3617190,3254172,3208390,45782,4356210,79.3,4261660,3584859,3489436,95423,8121616,86.0,3648900,3118385,3030600,87785,6366179,71.2,4031298,3594289,3469148,125142,5244104,71.1,4746957,4260045,4174767,85279,5842944,78.7,5618000,5134000,4969000,165000,5808000,86.1,5507000,4738000,4555000,183000,9232000,84.6,6726000,6243000,6087000,156000,5793000,93.3,7570000,6712000,6533000,180000,10291000,93.6
"여자","관리자","전문대졸",2801376,2487407,2399424,87983,3767626,72.6,3399139,2986393,2885349,101044,4952955,86.2,3611594,3121636,3069512,52124,5879492,86.7,3253101,2806386,2713112,93275,5360581,73.0,3438368,3035005,2915146,119858,4840351,72.5,4500612,4149757,4046432,103325,4210258,80.6,3865646,3451719,3354212,97508,4967126,63.7,4398000,3874000,3796000,79000,6284000,69.0,4532000,3995000,3851000,144000,6433000,76.0,5343000,4781000,4570000,211000,6752000,72.3,5448000,5124000,4976000,148000,3886000,71.7
"여자","관리자","대졸이상",4477919,3947302,3913432,33871,6367406,78.0,4641474,4048022,3998367,49655,7121422,77.5,4778337,4151026,4099656,51371,7527730,73.8,4681660,4099779,4042169,57611,6982573,71.1,5301839,4747059,4670533,76527,6657355,72.8,6288913,5497300,5418569,78731,9499350,76.8,6599881,5877695,5782367,95328,8666233,74.2,7457000,6445000,6363000,82000,12145000,80.9,6799000,5996000,5877000,120000,9637000,73.0,7540000,6577000,6456000,121000,11552000,78.8,8356000,7578000,7467000,111000,9342000,79.4
"여자","전문가 및 관련 종사자","계",2279048,1997152,1929816,67336,3382755,62.1,2351698,2077825,2002246,75579,3286478,61.7,2461363,2189027,2110248,78779,3268031,61.9,2568463,2319249,2235180,84069,2990573,63.4,2638901,2371269,2278129,93141,3211580,63.1,2587625,2346763,2255066,91697,2890349,59.4,2650875,2404341,2309105,95235,2958411,58.4,2751000,2488000,2393000,96000,3156000,59.2,2873000,2618000,2517000,101000,3056000,60.7,3025000,2747000,2636000,111000,3341000,62.0,3136000,2856000,2743000,112000,3360000,62.6
"여자","전문가 및 관련 종사자","중졸이하",1333831,1172796,1092911,79885,1932424,49.2,1588981,1452072,1361781,90291,1642908,54.2,1250036,1159206,1086616,72590,1089955,41.7,1623460,1525246,1467145,58101,1178567,55.9,1856241,1679702,1549847,129855,2118472,54.6,1354603,1269088,1204078,65010,1026181,47.7,1422487,1346292,1241068,105224,914345,47.1,1483000,1425000,1320000,105000,696000,43.1,1481000,1446000,1346000,100000,423000,41.2,1885000,1838000,1724000,113000,564000,49.2,1856000,1812000,1649000,163000,533000,44.4
"여자","전문가 및 관련 종사자","고졸",1584240,1412611,1346951,65660,2059548,54.6,1632087,1466122,1380373,85749,1991576,55.3,1738497,1543958,1454088,89870,2334471,54.5,1832777,1664769,1564600,100169,2016097,58.4,1861345,1679933,1582039,97894,2176938,54.7,1817853,1662295,1568869,93426,1866691,48.8,1824777,1692661,1600795,91866,1585389,52.6,1924000,1770000,1677000,93000,1841000,52.1,2051000,1879000,1792000,87000,2063000,54.1,2282000,2051000,1943000,109000,2770000,59.3,2381000,2173000,2070000,103000,2499000,57.5
"여자","전문가 및 관련 종사자","전문대졸",1925593,1683281,1597222,86059,2907746,68.8,1970699,1747314,1654654,92660,2680616,68.3,2067701,1848650,1748333,100316,2628615,68.3,2102396,1929321,1825811,103510,2076903,69.8,2181659,1985889,1871589,114300,2349235,68.4,2177093,2002881,1888696,114185,2090543,63.6,2238168,2065571,1955179,110392,2071164,66.2,2276000,2103000,1991000,112000,2085000,63.6,2319000,2165000,2053000,111000,1857000,63.7,2482000,2301000,2189000,112000,2179000,65.7,2560000,2402000,2298000,104000,1900000,65.3
"여자","전문가 및 관련 종사자","대졸이상",2708644,2370336,2315695,54641,4059693,68.0,2782166,2447952,2386206,61746,4010565,67.6,2892880,2566229,2504037,62192,3919815,67.4,3049087,2730493,2662425,68067,3823132,69.7,3122684,2788325,2709826,78499,4012306,69.3,3006038,2706497,2627632,78866,3594495,65.0,3063860,2750823,2663338,87484,3756440,62.8,3172000,2839000,2751000,88000,3992000,64.1,3289000,2972000,2873000,99000,3803000,65.4,3420000,3089000,2978000,110000,3980000,66.2,3528000,3181000,3064000,117000,4163000,66.8
"여자","사무 종사자","계",2069366,1755591,1699474,56116,3765302,59.9,2152820,1852403,1793922,58481,3604999,61.4,2341006,2017409,1955607,61802,3883159,62.8,2461226,2140345,2072618,67727,3850577,63.4,2523548,2194523,2116261,78261,3948304,62.9,2671900,2327507,2248922,78585,4132721,63.2,2722688,2393031,2317397,75633,3955887,63.4,2800000,2479000,2403000,76000,3853000,64.1,2878000,2551000,2470000,81000,3930000,65.2,3092000,2743000,2656000,87000,4197000,66.7,3256000,2899000,2817000,82000,4282000,67.4
"여자","사무 종사자","중졸이하",1667883,1441649,1363022,78627,2714809,56.5,1797018,1542729,1433127,109602,3051471,59.8,2228711,1889066,1737026,152040,4075744,69.0,2326184,2036015,1896431,139584,3482030,69.9,2128023,1911740,1784649,127091,2595392,62.8,2079825,1892208,1740976,151232,2251399,63.8,2131504,1959901,1797265,162637,2059233,60.8,3007000,2791000,2620000,171000,2593000,84.5,2242000,2088000,1909000,179000,1844000,59.9,2775000,2561000,2426000,134000,2569000,70.4,2706000,2571000,2497000,75000,1612000,64.0
"여자","사무 종사자","고졸",1967902,1638961,1580529,58431,3947294,61.5,2013539,1710698,1649391,61307,3634087,62.0,2177962,1845666,1776691,68975,3987547,63.6,2242337,1934356,1855565,78791,3695769,64.9,2300026,1983666,1895369,88297,3796317,64.6,2539765,2163283,2072711,90572,4517783,66.8,2427419,2128500,2047042,81457,3587033,65.4,2513000,2227000,2145000,82000,3438000,66.8,2579000,2292000,2210000,82000,3448000,68.1,2815000,2492000,2402000,90000,3876000,69.8,2963000,2640000,2559000,80000,3882000,70.6
"여자","사무 종사자","전문대졸",1881715,1605505,1550772,54733,3314525,65.0,1935229,1684921,1630631,54289,3003693,65.7,2125728,1858895,1798158,60737,3202000,67.5,2244731,1960213,1899125,61087,3414220,68.3,2297433,2002348,1931524,70824,3541018,67.6,2423210,2127894,2057073,70820,3543793,65.5,2467104,2191163,2124149,67014,3311290,67.7,2566000,2286000,2217000,68000,3365000,69.1,2601000,2314000,2235000,79000,3447000,67.5,2775000,2497000,2420000,77000,3336000,68.8,2906000,2623000,2551000,73000,3394000,69.5
"여자","사무 종사자","대졸이상",2330511,1998510,1943820,54690,3984014,61.9,2418152,2084202,2025670,58533,4007394,63.6,2610895,2256210,2200346,55865,4256215,64.9,2761590,2408411,2345865,62546,4238153,65.5,2828961,2469611,2395440,74172,4312198,64.9,2908437,2556973,2483024,73949,4217566,64.2,3053046,2674218,2598727,75491,4545941,65.5,3095000,2731000,2656000,75000,4362000,65.3,3188000,2817000,2736000,81000,4451000,67.0,3400000,3000000,2912000,89000,4795000,68.3,3579000,3169000,3081000,87000,4925000,69.1
"여자","서비스 종사자","계",1519639,1376585,1305171,71414,1716642,66.4,1517467,1385088,1309585,75502,1588542,67.4,1510758,1394843,1329374,65469,1390978,63.7,1615995,1484534,1416916,67619,1577537,65.0,1635026,1507751,1425632,82120,1527302,63.1,1568032,1479628,1385416,94212,1060846,62.4,1513997,1441731,1350903,90827,867195,62.3,1515000,1450000,1363000,87000,777000,62.5,1644000,1584000,1495000,89000,715000,63.7,1766000,1701000,1611000,90000,781000,66.3,1866000,1818000,1729000,89000,579000,67.0
"여자","서비스 종사자","중졸이하",1452268,1319902,1239032,80870,1588394,69.6,1555771,1412320,1317314,95006,1721415,70.0,1385837,1314822,1255438,59385,852183,77.1,1323971,1262064,1192262,69802,742888,55.1,1384881,1327140,1233305,93834,692896,53.5,1378970,1331984,1227372,104613,563831,72.5,1329543,1296247,1195582,100665,399550,77.0,1402000,1361000,1266000,95000,486000,69.0,1313000,1292000,1214000,77000,256000,63.4,1473000,1447000,1366000,82000,313000,66.6,1728000,1699000,1603000,96000,352000,80.3
"여자","서비스 종사자","고졸",1392587,1294764,1232229,62535,1173870,63.2,1388135,1287843,1217380,70463,1203503,63.3,1352029,1291771,1234245,57526,723095,57.9,1414966,1350738,1282322,68417,770730,58.6,1431691,1375496,1297542,77954,674342,60.0,1454604,1408125,1324563,83562,557746,63.3,1414373,1372600,1284944,87656,501271,62.4,1388000,1352000,1272000,80000,434000,62.3,1526000,1491000,1408000,83000,413000,62.9,1648000,1614000,1530000,84000,403000,67.5,1755000,1727000,1646000,81000,340000,68.2
"여자","서비스 종사자","전문대졸",1686584,1499767,1418650,81117,2241799,74.1,1675793,1519292,1441035,78257,1878007,74.1,1778682,1585348,1498727,86621,2320002,76.6,1999912,1726851,1645433,81419,3276735,81.5,2032242,1790388,1696117,94271,2902253,78.5,1901642,1738582,1620204,118378,1956722,67.9,1689730,1552663,1463610,89052,1644806,63.5,1894000,1742000,1640000,102000,1821000,72.7,1859000,1777000,1678000,99000,990000,68.0,2069000,1947000,1855000,92000,1470000,73.6,2173000,2084000,1963000,121000,1074000,69.2
"여자","서비스 종사자","대졸이상",2050692,1706422,1616964,89458,4131237,77.7,1916406,1657447,1583641,73806,3107509,79.1,2122962,1776579,1687469,89110,4156590,82.5,2273076,1963126,1913173,49954,3719403,84.0,2452179,2031779,1959025,72754,5044796,79.3,2074175,1785322,1671283,114039,3466238,73.2,2271361,2010759,1910805,99954,3127229,84.7,2213000,1994000,1880000,113000,2627000,78.3,2395000,2187000,2062000,125000,2497000,84.5,2555000,2296000,2159000,137000,3103000,83.4,2506000,2333000,2224000,109000,2074000,84.0
"여자","판매 종사자","계",1751660,1569023,1491264,77759,2191643,58.3,1788951,1617253,1535618,81634,2060378,57.3,1999532,1791880,1698025,93855,2491820,62.1,2014621,1808689,1720673,88015,2471181,64.1,2062606,1850792,1733816,116976,2541768,63.3,1985506,1809622,1686336,123286,2110605,58.7,1987318,1836129,1726145,109984,1814269,59.4,2120000,1940000,1841000,99000,2166000,61.0,2136000,1997000,1909000,88000,1665000,59.0,2175000,2056000,1975000,81000,1427000,56.6,2372000,2231000,2146000,85000,1689000,61.3
"여자","판매 종사자","중졸이하",1290373,1195916,1130914,65002,1133487,47.3,1463207,1290281,1192409,97872,2075109,49.3,1559843,1436914,1326333,110582,1475144,57.1,1664272,1516911,1387305,129606,1768326,74.5,1506808,1413139,1307509,105630,1124022,52.3,1647865,1520314,1295753,224562,1530617,69.3,1574503,1483271,1362137,121133,1094784,61.6,1564000,1435000,1300000,135000,1551000,71.4,1918000,1813000,1648000,164000,1260000,65.3,2113000,1935000,1809000,126000,2135000,72.2,2154000,1940000,1862000,77000,2568000,71.4
"여자","판매 종사자","고졸",1515271,1379555,1299596,79960,1628594,58.8,1631390,1483482,1394000,89482,1774894,60.1,1752813,1592901,1497243,95658,1918942,65.3,1728228,1591295,1502793,88501,1643198,65.5,1752249,1597991,1479978,118013,1851092,63.6,1760306,1610298,1479026,131271,1800099,62.2,1744705,1628785,1515708,113078,1391034,63.0,1855000,1710000,1604000,107000,1737000,65.4,1855000,1765000,1679000,85000,1090000,62.7,1929000,1857000,1784000,73000,868000,61.4,2137000,2050000,1971000,80000,1039000,65.6
"여자","판매 종사자","전문대졸",1716907,1539439,1435505,103933,2129610,62.9,1826489,1636058,1547367,88691,2285173,65.6,2131126,1882540,1765520,117020,2983034,72.5,2201491,1917510,1807744,109766,3407771,75.2,2169347,1945970,1779095,166875,2680522,72.5,2124331,1945254,1830244,115010,2148923,66.2,2193369,1999020,1874038,124982,2332192,69.6,2314000,2121000,2013000,108000,2308000,71.2,2259000,2100000,2007000,93000,1910000,65.7,2353000,2210000,2110000,100000,1716000,64.5,2469000,2297000,2208000,89000,2064000,67.4
"여자","판매 종사자","대졸이상",2495944,2167322,2119485,47836,3943467,73.9,2231012,2007043,1955449,51594,2687627,64.1,2529896,2233759,2166487,67271,3553649,69.1,2512322,2216794,2151262,65532,3546340,70.6,2718868,2377657,2303090,74566,4094533,73.6,2662992,2393029,2298460,94569,3239560,69.5,2581652,2355807,2269625,86182,2710136,68.5,2724000,2452000,2383000,69000,3261000,68.7,2772000,2525000,2437000,88000,2970000,68.1,2837000,2589000,2496000,93000,2984000,65.3,2959000,2692000,2596000,96000,3204000,69.1
"여자","농림어업 숙련 종사자","계",1382939,1274766,1220512,54254,1298080,63.4,1329095,1274348,1222680,51669,656967,56.2,1684594,1518862,1448043,70818,1988787,66.6,1822375,1650552,1493314,157238,2061876,76.9,1652369,1576128,1467621,108507,914888,71.9,1957378,1819397,1637443,181954,1655777,80.7,1623171,1565287,1449349,115939,694604,68.7,2032000,1887000,1765000,121000,1739000,79.7,1900000,1746000,1599000,147000,1841000,71.8,1912000,1855000,1748000,107000,683000,73.9,2060000,2027000,1941000,86000,405000,79.8
"여자","농림어업 숙련 종사자","중졸이하",1253636,1157876,1136143,21733,1149117,72.9,1096000,1075264,989841,85423,248829,55.2,1579713,1432190,1357568,74622,1770275,80.7,1914826,1718482,1535715,182767,2356129,88.5,1461864,1423433,1307790,115643,461170,78.3,1688912,1528821,1235364,293458,1921088,86.4,1618850,1528261,1385133,143128,1087065,95.3,2136000,1925000,1837000,89000,2525000,105.8,1785000,1593000,1422000,171000,2309000,85.0,1722000,1682000,1631000,52000,473000,81.6,1942000,1921000,1861000,60000,252000,90.5
"여자","농림어업 숙련 종사자","고졸",1398160,1293201,1208401,84800,1259503,66.1,1171679,1135361,1079336,56025,435812,51.6,1786325,1574005,1498286,75719,2547836,71.0,1775408,1602278,1422069,180209,2077557,76.1,1668112,1577719,1462550,115169,1084718,73.0,1964342,1876439,1705597,170842,1054840,89.5,1577002,1534329,1418964,115365,512075,72.9,1766000,1679000,1593000,86000,1050000,79.1,1774000,1686000,1563000,123000,1059000,69.5,1793000,1764000,1631000,133000,349000,74.9,2017000,1990000,1888000,102000,330000,82.3
"여자","농림어업 숙련 종사자","전문대졸",2344327,2080723,1936827,143896,3163245,82.5,1438889,1332611,1316722,15890,1275333,53.8,1999949,1914952,1855093,59859,1019965,70.0,1674244,1539145,1495935,43211,1621193,71.7,1647348,1608426,1504343,104083,467061,62.9,1815100,1675517,1303704,371813,1674992,68.1,1805407,1713186,1593707,119479,1106657,69.8,1516000,1486000,1437000,49000,361000,57.3,2038000,1794000,1564000,230000,2930000,72.3,1783000,1645000,1596000,49000,1661000,62.6,2287000,2229000,2133000,96000,695000,80.6
"여자","농림어업 숙련 종사자","대졸이상",1510516,1381101,1353356,27745,1552982,60.3,1984135,1874392,1844424,29968,1316914,70.3,1548274,1471518,1441384,30134,921074,56.1,1801951,1687610,1635509,52101,1372097,70.6,2077287,1939777,1872713,67064,1650117,85.8,2297066,2045592,2023452,22140,3017685,78.6,2060128,1915884,1858861,57023,1730925,68.5,2550000,2310000,2098000,212000,2883000,79.7,2708000,2403000,2262000,141000,3661000,92.0,2555000,2462000,2355000,107000,1114000,85.3,2199000,2144000,2106000,37000,662000,78.0
"여자","기능원 및 관련 기능 종사자","계",1453600,1323119,1167562,155557,1565767,56.4,1484599,1364504,1196764,167740,1441142,55.6,1543607,1403969,1213164,190805,1675653,55.3,1601633,1469041,1298534,170507,1591107,55.8,1714330,1581784,1388930,192854,1590551,56.2,2083473,1782940,1540313,242628,3606391,62.9,1854692,1705430,1476813,228617,1791142,58.7,1968000,1810000,1591000,218000,1902000,60.6,1998000,1857000,1642000,215000,1697000,59.6,2138000,2006000,1815000,191000,1577000,61.8,2156000,2035000,1872000,163000,1456000,61.4
"여자","기능원 및 관련 기능 종사자","중졸이하",1313278,1203965,1046937,157029,1311757,47.8,1383728,1280971,1080690,200281,1233079,47.6,1448867,1306355,1116099,190255,1710147,45.2,1490109,1366440,1151793,214647,1484033,50.0,1570728,1444239,1205155,239085,1517863,49.5,1668836,1511297,1287423,223875,1890467,56.1,1624541,1490693,1268590,222103,1606175,51.7,1791000,1656000,1333000,323000,1623000,55.5,1739000,1593000,1402000,191000,1753000,51.4,1874000,1790000,1603000,187000,1009000,54.5,1652000,1600000,1481000,119000,623000,47.6
"여자","기능원 및 관련 기능 종사자","고졸",1432778,1310668,1143820,166847,1465318,57.8,1449369,1339714,1171967,167747,1315854,55.9,1498612,1376406,1171152,205254,1466471,55.8,1539003,1418812,1246817,171995,1442290,54.8,1662942,1541781,1345630,196150,1453933,55.6,2103681,1775730,1508955,266776,3935412,67.8,1821755,1692890,1456444,236446,1546378,60.1,1935000,1780000,1559000,221000,1866000,61.9,1938000,1828000,1589000,239000,1325000,60.7,2044000,1942000,1744000,198000,1222000,62.0,2123000,2022000,1838000,184000,1213000,63.0
"여자","기능원 및 관련 기능 종사자","전문대졸",1853559,1618423,1516666,101757,2821628,71.9,1779090,1573507,1470360,103146,2466997,67.6,1734410,1569528,1424453,145074,1978578,64.1,1868906,1706951,1601750,105201,1943459,66.6,2030655,1869994,1739779,130214,1927935,68.8,2466731,2072740,1914035,158706,4727890,65.9,2354600,2043337,1824877,218460,3735160,70.3,2181000,1997000,1883000,114000,2208000,63.5,2246000,2052000,1916000,136000,2324000,64.2,2283000,2133000,1982000,152000,1799000,63.4,2410000,2266000,2136000,130000,1728000,65.7
"여자","기능원 및 관련 기능 종사자","대졸이상",2150844,1899828,1834943,64886,3012189,72.1,2148368,1892701,1814382,78319,3068008,71.6,2136011,1855270,1761961,93309,3368890,67.1,2380771,2115633,2049220,66413,3181660,75.5,2296095,2069722,1983288,86433,2716471,67.7,2422068,2177790,2039800,137990,2931336,68.6,2315043,2078577,1905553,173024,2837589,69.1,2406000,2200000,2102000,98000,2464000,70.4,2757000,2409000,2274000,135000,4179000,75.0,3024000,2632000,2458000,175000,4701000,80.1,3073000,2683000,2570000,113000,4674000,82.2
"여자","장치,기계조작 및 조립종사자","계",1671410,1367558,1087628,279929,3646220,66.5,1716804,1437491,1109446,328045,3351752,67.4,1941036,1566986,1219145,347841,4488594,69.3,1963904,1648656,1280015,368641,3782978,68.3,2048946,1731855,1356082,375773,3805093,69.3,2558317,1998335,1584214,414121,6719778,86.7,2354505,1973720,1591329,382391,4569418,77.9,2454000,2047000,1656000,391000,4878000,78.8,2535000,2138000,1744000,394000,4773000,75.6,2663000,2298000,1880000,419000,4376000,77.1,2795000,2415000,2043000,372000,4554000,79.0
"여자","장치,기계조작 및 조립종사자","중졸이하",1651258,1370938,1060429,310509,3363841,68.7,1706973,1434667,1066980,367687,3267673,69.2,1763878,1510418,1141563,368856,3041517,66.4,1856270,1621382,1220765,400617,2818660,68.6,1969480,1703208,1308749,394459,3195266,69.0,2054002,1719869,1332739,387130,4009600,79.6,2031397,1761805,1409270,352535,3235108,74.9,2186000,1891000,1543000,349000,3536000,78.5,2253000,1951000,1580000,371000,3614000,75.8,2330000,2071000,1701000,370000,3107000,74.9,2465000,2223000,1858000,365000,2896000,78.3
"여자","장치,기계조작 및 조립종사자","고졸",1660494,1356270,1079308,276962,3650688,66.8,1692890,1420415,1093197,327218,3269696,67.9,1920132,1553139,1204444,348695,4403914,69.8,1955382,1633330,1263431,369899,3864620,68.8,2026537,1715322,1335505,379817,3734584,69.9,2533021,1978569,1561991,416577,6653420,88.5,2287230,1935004,1547095,387909,4226706,78.1,2396000,2020000,1620000,400000,4521000,80.1,2464000,2099000,1700000,399000,4383000,76.0,2615000,2276000,1853000,424000,4061000,78.4,2720000,2376000,2003000,373000,4121000,79.1
"여자","장치,기계조작 및 조립종사자","전문대졸",1791910,1418496,1135580,282915,4480968,69.6,1888459,1528140,1229226,298914,4323826,71.8,2373644,1718562,1381188,337374,7860988,81.5,2142893,1764758,1422280,342478,4537617,71.9,2384976,1884625,1529716,354909,6004209,75.9,3498506,2517557,2004601,512956,11771392,106.0,3258639,2485040,2049745,435295,9283189,96.1,3227000,2393000,1977000,416000,10008000,90.1,3029000,2414000,1970000,444000,7382000,81.2,3137000,2495000,2035000,460000,7710000,82.6,3352000,2634000,2216000,418000,8621000,85.0
"여자","장치,기계조작 및 조립종사자","대졸이상",1977073,1719316,1543647,175669,3093082,69.2,2214146,1839617,1639306,200311,4494344,73.7,2731382,2089776,1884127,205648,7699277,83.9,2319733,2042895,1802816,240079,3322060,73.0,2353805,2058001,1848132,209869,3549643,72.3,2570931,2192595,2017467,175128,4540037,77.8,3006092,2406684,2167737,238947,7192900,88.8,3017000,2408000,2199000,209000,7306000,87.2,3557000,2731000,2498000,232000,9909000,95.4,3134000,2636000,2303000,332000,5979000,81.8,3549000,2960000,2681000,279000,7065000,94.0
"여자","단순노무 종사자","계",1237275,1161859,1046427,115432,904996,73.7,1251764,1185184,1086430,98754,798964,73.7,1341870,1260357,1130730,129627,978155,73.5,1373459,1298279,1168438,129841,902163,75.5,1449976,1361260,1219590,141670,1064594,74.5,1480215,1389027,1244309,144718,1094250,74.0,1485062,1406492,1273715,132778,942835,75.2,1609000,1508000,1342000,166000,1213000,76.8,1691000,1591000,1418000,173000,1202000,74.0,1834000,1745000,1577000,168000,1066000,75.7,1897000,1831000,1682000,148000,797000,76.1
"여자","단순노무 종사자","중졸이하",1151598,1086115,1007539,78576,785792,80.1,1192325,1134959,1055337,79621,688391,78.4,1233426,1173483,1081454,92029,719318,79.7,1252340,1202050,1100082,101968,603483,80.8,1308938,1253084,1148113,104971,670244,79.9,1300922,1246111,1145998,100113,657728,78.4,1303704,1259872,1173286,86586,525985,78.4,1396000,1350000,1253000,97000,555000,78.7,1418000,1365000,1270000,95000,634000,76.6,1613000,1551000,1457000,93000,750000,79.3,1697000,1654000,1553000,101000,515000,79.4
"여자","단순노무 종사자","고졸",1273392,1194237,1053741,140496,949857,73.8,1267963,1198837,1088260,110577,829507,73.4,1383085,1292261,1139648,152613,1089890,74.9,1413652,1329817,1182716,147101,1006024,78.0,1497883,1395317,1233468,161848,1230796,76.7,1532837,1430477,1265922,164555,1228320,76.5,1534667,1446495,1293904,152591,1058068,78.0,1669000,1560000,1368000,193000,1304000,80.4,1764000,1655000,1455000,200000,1311000,76.7,1902000,1808000,1615000,193000,1125000,78.6,1968000,1898000,1730000,168000,850000,79.5
"여자","단순노무 종사자","전문대졸",1374529,1286789,1180327,106462,1052883,72.9,1383152,1298566,1204286,94280,1015027,73.9,1486356,1385180,1275986,109194,1214106,70.9,1604122,1482777,1371773,111004,1456140,75.6,1627755,1508213,1373370,134843,1434509,70.1,1573736,1457142,1336790,120352,1399126,67.0,1595141,1482388,1379110,103278,1353033,68.5,1670000,1469000,1327000,142000,2410000,69.1,1785000,1628000,1477000,152000,1880000,68.8,1766000,1662000,1532000,130000,1249000,64.7,1769000,1684000,1581000,103000,1018000,61.1
"여자","단순노무 종사자","대졸이상",1455287,1332868,1256676,76192,1469023,77.5,1495216,1386475,1304082,82394,1304886,83.5,1609928,1492108,1403155,88953,1413843,73.7,1610989,1494876,1392979,101897,1393354,73.2,1669709,1579042,1484744,94297,1087999,74.8,1683417,1571166,1444002,127164,1347010,73.9,1568968,1493784,1401440,92344,902205,70.4,1607000,1497000,1393000,105000,1320000,68.2,1594000,1512000,1394000,118000,981000,66.1,1670000,1585000,1481000,104000,1021000,64.5,1674000,1627000,1545000,81000,570000,64.0
"남자","계","계",3072303,2546113,2360707,185406,6314284,-,3159444,2648052,2445246,202807,6136706,-,3312443,2749950,2525548,224403,6749920,-,3403845,2878121,2641407,236714,6308685,-,3546605,2986146,2734091,252056,6725504,-,3718249,3122474,2871143,251331,7149297,-,3780040,3214667,2951741,262927,6784479,-,3868000,3289000,3034000,255000,6947000,-,3981000,3418000,3138000,280000,6756000,-,4144000,3562000,3277000,285000,6978000,-,4277000,3686000,3410000,275000,7092000,-
"남자","계","중졸이하",2218064,1841295,1564506,276789,4521225,-,2279773,1919837,1595478,324359,4319232,-,2391098,1973082,1655272,317810,5016191,-,2453615,2065589,1698994,366595,4656310,-,2592779,2162832,1772660,390172,5159363,-,2375154,2075672,1747450,328222,3593782,-,2473979,2176243,1839457,336786,3572826,-,2579000,2281000,1925000,356000,3568000,-,2728000,2380000,2027000,353000,4185000,-,2865000,2530000,2145000,385000,4020000,-,2931000,2634000,2272000,363000,3557000,-
"남자","계","고졸",2559720,2113748,1837650,276097,5351660,-,2592503,2171965,1868749,303216,5046451,-,2759148,2274076,1939496,334580,5820863,-,2825219,2369177,2006653,362524,5472507,-,2947293,2455022,2085931,369091,5907253,-,2998814,2527580,2169526,358054,5654804,-,2968356,2557247,2182865,374381,4933304,-,3035000,2626000,2262000,364000,4913000,-,3198000,2764000,2369000,394000,5211000,-,3315000,2898000,2498000,399000,5012000,-,3428000,2995000,2619000,376000,5206000,-
"남자","계","전문대졸",2721158,2274846,2098667,176179,5355749,-,2768848,2345341,2151136,194205,5082084,-,2941986,2468161,2249355,218806,5685897,-,2999343,2558269,2332681,225588,5292892,-,3156575,2678853,2419527,259326,5732669,-,3469052,2874077,2579816,294261,7139698,-,3396233,2903112,2624451,278661,5917449,-,3518000,2993000,2704000,289000,6301000,-,3630000,3134000,2812000,322000,5944000,-,3770000,3270000,2952000,319000,6002000,-,3895000,3376000,3066000,311000,6217000,-
"남자","계","대졸이상",3852337,3191597,3106364,85232,7928883,-,3943952,3295895,3198126,97769,7776686,-,4110574,3420103,3312272,107832,8285650,-,4192579,3555882,3445243,110639,7640362,-,4376878,3704853,3583277,121576,8064299,-,4541371,3812801,3674665,138136,8742834,-,4697522,3956469,3798080,158388,8892639,-,4766000,4009000,3863000,146000,9087000,-,4829000,4123000,3958000,165000,8476000,-,4988000,4238000,4059000,179000,9008000,-,5124000,4374000,4192000,182000,9010000,-
"남자","관리자","계",5196649,4355468,4287938,67530,10094175,-,5406104,4562883,4496988,65896,10118649,-,5966936,4894155,4818159,75995,12873377,-,6114863,5042532,4964763,77770,12867975,-,6572120,5609289,5489316,119972,11553976,-,7442805,6325174,6172658,152516,13411566,-,8172406,6927203,6772923,154280,14942438,-,8575000,7206000,7046000,160000,16424000,-,8587000,7350000,7169000,180000,14850000,-,9067000,7724000,7535000,189000,16105000,-,10015000,8725000,8575000,150000,15480000,-
"남자","관리자","중졸이하",3304376,2736162,2588093,148069,6818566,-,3296192,2904006,2812157,91850,4706229,-,3851278,3296716,3164678,132038,6654742,-,4935600,4194272,4145635,48637,8895933,-,4552995,3930406,3787227,143180,7471064,-,5897949,5309013,4989245,319769,7067231,-,7180922,6769922,6634267,135655,4931999,-,7503000,6823000,6645000,178000,8170000,-,4948000,4494000,4423000,70000,5455000,-,5573000,5035000,4908000,127000,6457000,-,8127000,7567000,7424000,143000,6726000,-
"남자","관리자","고졸",3986788,3305162,3194366,110796,8179511,-,3854884,3249246,3145079,104167,7267654,-,4560029,3718706,3590834,127872,10095875,-,4954892,4037311,3898165,139146,11010969,-,5128253,4410610,4203449,207162,8611719,-,5673258,4862534,4636250,226285,9728688,-,6030359,5246081,5032581,213500,9411341,-,6524000,5592000,5385000,207000,11180000,-,6506000,5704000,5459000,245000,9616000,-,7212000,6286000,6069000,216000,11117000,-,8087000,7266000,7082000,184000,9852000,-
"남자","관리자","전문대졸",3859545,3271213,3173601,97612,7059985,-,3942817,3330378,3248601,81777,7349264,-,4165860,3457347,3354951,102397,8502152,-,4457232,3761884,3652304,109579,8344172,-,4739489,4003765,3820443,183323,8828688,-,5583770,4875201,4609687,265515,8502831,-,6065345,5199065,4987719,211346,10395356,-,6377000,5408000,5174000,235000,11620000,-,5960000,5279000,5058000,221000,8175000,-,7390000,6422000,6155000,267000,11617000,-,7594000,6778000,6517000,261000,9792000,-
"남자","관리자","대졸이상",5742384,4817446,4767001,50445,11099256,-,5985564,5050317,4995725,54591,11222959,-,6478871,5312577,5250764,61813,13995528,-,6581377,5426610,5365970,60641,13857202,-,7282324,6212045,6125860,86185,12843343,-,8185167,6923748,6808300,115449,15137022,-,8895917,7498930,7364040,134890,16763849,-,9216000,7714000,7571000,142000,18026000,-,9311000,7921000,7755000,165000,16680000,-,9563000,8110000,7934000,176000,17439000,-,10518000,9115000,8980000,135000,16835000,-
"남자","전문가 및 관련 종사자","계",3667069,3074782,2981918,92864,7107441,-,3813598,3230402,3127426,102976,6998355,-,3977418,3377774,3265890,111884,7195725,-,4048629,3495543,3376819,118723,6637036,-,4180955,3577514,3450224,127291,7241297,-,4357664,3668490,3532711,135778,8270086,-,4538997,3849223,3686382,162841,8277290,-,4649000,3912000,3765000,147000,8834000,-,4733000,4063000,3891000,171000,8047000,-,4876000,4156000,3981000,176000,8633000,-,5011000,4288000,4102000,186000,8671000,-
"남자","전문가 및 관련 종사자","중졸이하",2712273,2215649,2017869,197780,5959488,-,2929866,2412212,2196805,215406,6211844,-,3000324,2540348,2302879,237469,5519710,-,2901892,2482431,2253610,228821,5033526,-,3397362,2816716,2540660,276057,6967756,-,2841804,2388866,2185048,203817,5435250,-,3017720,2766199,2623507,142692,3018253,-,3440000,3038000,2871000,167000,4821000,-,3594000,3195000,3011000,184000,4780000,-,3829000,3408000,3175000,233000,5055000,-,4181000,3795000,3520000,274000,4638000,-
"남자","전문가 및 관련 종사자","고졸",2899840,2429739,2274760,154978,5641212,-,2949667,2501090,2335622,165467,5382926,-,3192327,2658657,2462973,195684,6404040,-,3140689,2698636,2486889,211747,5304630,-,3402131,2810756,2581210,229546,7096500,-,3721944,3006292,2767606,238686,8587820,-,3469668,2981407,2757693,223714,5859132,-,3691000,3106000,2867000,239000,7026000,-,3794000,3226000,2973000,252000,6817000,-,3850000,3282000,3041000,241000,6825000,-,4140000,3457000,3216000,241000,8191000,-
"남자","전문가 및 관련 종사자","전문대졸",2799454,2415666,2302908,112758,4605455,-,2885745,2501876,2379251,122625,4606426,-,3028405,2615419,2477968,137451,4955831,-,3012944,2679769,2543621,136148,3998096,-,3187238,2789261,2635036,154225,4775726,-,3420963,2932144,2759087,173057,5865833,-,3381930,2981776,2831210,150566,4801851,-,3578000,3125000,2957000,168000,5437000,-,3639000,3243000,3032000,212000,4744000,-,3778000,3354000,3157000,197000,5086000,-,3921000,3489000,3276000,213000,5176000,-
"남자","전문가 및 관련 종사자","대졸이상",3984909,3326105,3247499,78606,7905650,-,4114857,3473779,3383044,90735,7692933,-,4292053,3642261,3547549,94712,7797508,-,4374932,3763263,3660132,103131,7340022,-,4506297,3856338,3749483,106854,7799504,-,4621525,3895329,3779142,116186,8714348,-,4882286,4113122,3954038,159085,9229963,-,4952000,4146000,4013000,134000,9668000,-,5031000,4301000,4145000,155000,8762000,-,5163000,4379000,4214000,165000,9409000,-,5284000,4508000,4332000,176000,9317000,-
"남자","사무 종사자","계",3457410,2822515,2718272,104243,7618742,-,3508360,2887771,2770513,117257,7447071,-,3725659,3046086,2908668,137418,8154874,-,3882260,3246376,3109431,136945,7630603,-,4009268,3346320,3197273,149047,7955378,-,4227856,3497789,3332714,165075,8760803,-,4296724,3609300,3437434,171865,8249088,-,4371000,3688000,3531000,157000,8201000,-,4416000,3770000,3597000,173000,7748000,-,4638000,3961000,3780000,181000,8126000,-,4833000,4127000,3942000,185000,8476000,-
"남자","사무 종사자","중졸이하",2953626,2372890,2191058,181832,6968831,-,3005886,2473715,2264815,208901,6386057,-,3229801,2552668,2294165,258503,8125601,-,3329749,2754639,2523973,230665,6901318,-,3388275,2787592,2512409,275182,7208198,-,3261033,2752147,2490122,262025,6106627,-,3505377,3014500,2741669,272831,5890525,-,3560000,3043000,2827000,216000,6213000,-,3745000,3206000,2956000,250000,6468000,-,3942000,3517000,3204000,313000,5095000,-,4231000,3796000,3567000,230000,5214000,-
"남자","사무 종사자","고졸",3200685,2594734,2445115,149618,7271411,-,3249220,2665542,2500651,164890,7004130,-,3423732,2787987,2582470,205517,7628938,-,3456709,2889915,2674081,215834,6801527,-,3558010,2965609,2755962,209647,7108815,-,3802183,3127014,2898856,228158,8102030,-,3709641,3162275,2921650,240625,6568392,-,3764000,3221000,3008000,212000,6523000,-,3787000,3282000,3050000,232000,6059000,-,4035000,3528000,3291000,237000,6095000,-,4195000,3674000,3424000,249000,6254000,-
"남자","사무 종사자","전문대졸",2896200,2416402,2311026,105377,5757581,-,2944736,2501201,2380694,120507,5322416,-,3147091,2644771,2492795,151976,6027845,-,3284863,2810783,2666747,144036,5688963,-,3396749,2897445,2723284,174161,5991650,-,3702142,3080006,2889004,191002,7465631,-,3644218,3146450,2953091,193359,5973216,-,3715000,3204000,3020000,184000,6131000,-,3855000,3355000,3155000,200000,5996000,-,4035000,3554000,3345000,208000,5772000,-,4179000,3685000,3489000,196000,5926000,-
"남자","사무 종사자","대졸이상",3764721,3065749,2984077,81672,8387667,-,3801832,3109957,3016388,93568,8302496,-,4022043,3274401,3171118,103283,8971703,-,4215314,3508350,3404928,103421,8483571,-,4358149,3623403,3506916,116488,8816947,-,4527493,3747051,3612233,134818,9365301,-,4664154,3880725,3738657,142068,9401149,-,4739000,3966000,3834000,132000,9277000,-,4759000,4032000,3886000,146000,8722000,-,4975000,4197000,4040000,156000,9342000,-,5183000,4370000,4207000,163000,9762000,-
"남자","서비스 종사자","계",2287916,1989305,1809015,180291,3583336,-,2252010,1991285,1815833,175452,3128696,-,2369981,2069533,1846414,223119,3605374,-,2484968,2173319,1937883,235436,3739793,-,2591068,2280957,2005886,275071,3721332,-,2513625,2280385,2030376,250009,2798874,-,2431514,2229994,1984890,245104,2418236,-,2425000,2244000,1998000,246000,2170000,-,2582000,2379000,2152000,227000,2440000,-,2664000,2468000,2240000,228000,2349000,-,2783000,2596000,2363000,233000,2241000,-
"남자","서비스 종사자","중졸이하",2086921,1770519,1639695,130824,3796828,-,2223688,1941812,1780497,161314,3382512,-,1797293,1606316,1491648,114668,2291722,-,2402026,2094911,1881734,213177,3685379,-,2590049,2362233,1933288,428945,2733787,-,1901993,1773523,1619054,154469,1541638,-,1726018,1619081,1511729,107352,1283239,-,2033000,1952000,1714000,238000,976000,-,2070000,1943000,1814000,129000,1528000,-,2213000,2100000,1936000,164000,1353000,-,2152000,2063000,1936000,127000,1070000,-
"남자","서비스 종사자","고졸",2204136,1949455,1774870,174585,3056171,-,2194232,1965765,1776286,189478,2741608,-,2334224,2094802,1841386,253417,2873065,-,2414515,2157484,1900560,256924,3084366,-,2385787,2185941,1882748,303193,2398150,-,2298455,2132157,1880512,251645,1995576,-,2268010,2113758,1848851,264908,1851029,-,2227000,2105000,1864000,241000,1466000,-,2426000,2251000,2036000,215000,2106000,-,2442000,2291000,2079000,212000,1810000,-,2573000,2446000,2229000,218000,1517000,-
"남자","서비스 종사자","전문대졸",2276467,1989196,1797097,192099,3447256,-,2263032,1975765,1809422,166343,3447198,-,2323531,2019849,1817490,202359,3644188,-,2455296,2104114,1860695,243419,4214178,-,2588726,2227290,1951020,276270,4337235,-,2799419,2523696,2226493,297203,3308673,-,2662113,2375044,2073790,301254,3444823,-,2605000,2365000,2096000,270000,2878000,-,2732000,2487000,2217000,270000,2944000,-,2813000,2580000,2332000,247000,2798000,-,3138000,2853000,2582000,271000,3413000,-
"남자","서비스 종사자","대졸이상",2637827,2196831,2002434,194397,5291951,-,2422167,2111983,1961157,150826,3722211,-,2573044,2128341,1935842,192498,5336439,-,2705423,2306849,2129706,177143,4782885,-,3093391,2562831,2376959,185871,6366723,-,2834994,2467472,2254103,213370,4410264,-,2682755,2448928,2281277,167652,2805922,-,2826000,2537000,2304000,232000,3474000,-,2835000,2601000,2373000,228000,2805000,-,3063000,2796000,2542000,254000,3204000,-,2985000,2744000,2501000,242000,2902000,-
"남자","판매 종사자","계",3003697,2535468,2460060,75408,5618743,-,3120951,2664951,2590286,74664,5471994,-,3217881,2728068,2637923,90144,5877753,-,3141674,2713789,2622706,91083,5134617,-,3258927,2807798,2692506,115292,5413545,-,3383862,2880626,2749851,130775,6038832,-,3344254,2941786,2825375,116411,4829615,-,3474000,3043000,2925000,118000,5176000,-,3618000,3190000,3050000,139000,5138000,-,3844000,3397000,3238000,159000,5358000,-,3868000,3413000,3271000,143000,5454000,-
"남자","판매 종사자","중졸이하",2726394,2231551,2147846,83705,5938112,-,2968060,2486351,2387708,98643,5780508,-,2729831,2510707,2445652,65056,2629493,-,2232844,2064434,1977165,87269,2020920,-,2882327,2516995,2393098,123897,4383985,-,2377832,2187830,2073492,114338,2280027,-,2557771,2323090,2245759,77332,2816174,-,2190000,2107000,2024000,83000,990000,-,2935000,2666000,2561000,105000,3224000,-,2928000,2738000,2517000,222000,2270000,-,3017000,2939000,2874000,65000,940000,-
"남자","판매 종사자","고졸",2575138,2191068,2091858,99210,4608844,-,2712345,2364289,2269357,94932,4176666,-,2685086,2326051,2221930,104121,4308424,-,2637661,2327678,2220073,107605,3719801,-,2752946,2418370,2268633,149736,4014906,-,2828874,2428124,2276252,151872,4809000,-,2771559,2484869,2346875,137994,3440281,-,2835000,2552000,2426000,126000,3396000,-,2960000,2654000,2481000,173000,3669000,-,3140000,2857000,2681000,177000,3392000,-,3257000,2964000,2808000,155000,3522000,-
"남자","판매 종사자","전문대졸",2730406,2322204,2206371,115833,4898418,-,2785277,2365092,2267528,97563,5042214,-,2938517,2528704,2403556,125148,4917757,-,2927420,2533626,2412100,121527,4725529,-,2990835,2635728,2493519,142209,4261282,-,3207798,2718806,2546995,171810,5867901,-,3151049,2758719,2639515,119204,4707958,-,3252000,2861000,2719000,143000,4686000,-,3438000,2983000,2796000,186000,5466000,-,3648000,3244000,3042000,202000,4848000,-,3665000,3273000,3139000,134000,4706000,-
"남자","판매 종사자","대졸이상",3376936,2834220,2790006,44214,6512591,-,3482141,2952952,2898950,54002,6350268,-,3660400,3054941,2987125,67816,7265502,-,3558439,3038759,2970076,68683,6236161,-,3692809,3128013,3045517,82497,6777553,-,3830252,3250134,3149001,101132,6961415,-,3768619,3291444,3188564,102880,5726099,-,3964000,3423000,3318000,104000,6503000,-,4068000,3576000,3471000,105000,5910000,-,4346000,3784000,3651000,132000,6752000,-,4283000,3714000,3574000,140000,6824000,-
"남자","농림어업 숙련 종사자","계",2182704,1898303,1782847,115456,3412808,-,2366657,2058520,1957333,101187,3697641,-,2529576,2161284,2001036,160248,4419502,-,2370460,2074870,1936510,138360,3547074,-,2297813,2106354,1967095,139259,2297505,-,2424839,2233049,2066786,166263,2301480,-,2363154,2179233,2009544,169690,2207047,-,2549000,2342000,2162000,180000,2483000,-,2648000,2418000,2208000,210000,2764000,-,2589000,2410000,2253000,157000,2151000,-,2582000,2466000,2307000,159000,1394000,-
"남자","농림어업 숙련 종사자","중졸이하",1719204,1452880,1382607,70273,3195886,-,1984905,1709583,1615547,94036,3303858,-,1956644,1757473,1577996,179477,2390052,-,2162541,1871967,1727799,144169,3486890,-,1867700,1770163,1677067,93096,1170446,-,1953865,1804809,1624136,180672,1788673,-,1699446,1607338,1477520,129817,1105294,-,2018000,1919000,1721000,197000,1189000,-,2100000,1974000,1801000,173000,1506000,-,2111000,2017000,1915000,102000,1127000,-,2145000,2081000,1972000,109000,766000,-
"남자","농림어업 숙련 종사자","고졸",2116254,1880503,1736639,143863,2829014,-,2269485,2030522,1927677,102845,2867561,-,2517531,2131220,1982008,149212,4635734,-,2332906,2015486,1860411,155075,3809036,-,2285872,2081420,1919723,161697,2453424,-,2195717,2039733,1863203,176530,1871803,-,2162371,2019939,1851410,168529,1709184,-,2233000,2081000,1908000,173000,1829000,-,2554000,2344000,2155000,189000,2524000,-,2395000,2282000,2151000,131000,1354000,-,2452000,2368000,2205000,163000,1009000,-
"남자","농림어업 숙련 종사자","전문대졸",2841630,2345299,2136663,208636,5955968,-,2672421,2293061,2162000,131060,4552317,-,2857941,2438571,2181548,257023,5032440,-,2333699,2071009,1930184,140825,3152281,-,2619434,2418845,2243522,175323,2407072,-,2665900,2456862,2251110,205752,2508459,-,2585022,2382346,2175842,206505,2432117,-,2644000,2441000,2271000,170000,2441000,-,2818000,2520000,2216000,303000,3577000,-,2847000,2609000,2394000,216000,2846000,-,2838000,2678000,2467000,211000,1924000,-
"남자","농림어업 숙련 종사자","대졸이상",2505197,2166346,2108792,57554,4066209,-,2820946,2307288,2227012,80277,6163900,-,2761913,2371170,2252277,118893,4688910,-,2551795,2279880,2179417,100463,3262980,-,2420773,2200053,2092312,107740,2648644,-,2923723,2651526,2535027,116499,3266358,-,3005345,2685214,2524402,160812,3841572,-,3200000,2868000,2674000,193000,3991000,-,2945000,2681000,2481000,199000,3175000,-,2996000,2691000,2497000,194000,3659000,-,2818000,2650000,2519000,131000,2018000,-
"남자","기능원 및 관련 기능 종사자","계",2575486,2158739,1926805,231934,5000968,-,2671372,2246056,1992480,253577,5103792,-,2791573,2324630,2038422,286207,5603319,-,2870403,2441117,2143304,297812,5151430,-,3051564,2558724,2244660,314063,5914081,-,3313217,2729825,2382593,347232,7000703,-,3160177,2689171,2340919,348252,5652068,-,3247000,2776000,2464000,312000,5653000,-,3350000,2894000,2570000,324000,5468000,-,3460000,3026000,2700000,327000,5212000,-,3510000,3077000,2761000,316000,5202000,-
"남자","기능원 및 관련 기능 종사자","중졸이하",2747768,2222562,1946003,276559,6302473,-,2904204,2342242,2016005,326237,6743547,-,3207396,2430801,2046926,383875,9319134,-,2980194,2399948,1976736,423212,6962953,-,3173086,2519599,2098984,420616,7841840,-,2975391,2498657,2124297,374359,5720806,-,3142095,2616486,2200673,415812,6307302,-,3227000,2726000,2353000,373000,6002000,-,3386000,2758000,2430000,329000,7536000,-,3436000,2892000,2502000,390000,6527000,-,3473000,3025000,2592000,433000,5365000,-
"남자","기능원 및 관련 기능 종사자","고졸",2478785,2092431,1840846,251585,4636246,-,2590815,2185547,1908083,277464,4863218,-,2683614,2242702,1924756,317946,5290948,-,2808363,2386118,2037944,348174,5066935,-,2992331,2488212,2132291,355922,6049429,-,3102496,2601181,2237389,363792,6015775,-,3031153,2599278,2226468,372810,5182495,-,3128000,2696000,2352000,344000,5187000,-,3195000,2785000,2440000,345000,4920000,-,3297000,2919000,2565000,354000,4541000,-,3369000,2991000,2664000,327000,4539000,-
"남자","기능원 및 관련 기능 종사자","전문대졸",2576189,2147744,1940198,207545,5141338,-,2632590,2210144,1981565,228578,5069354,-,2705404,2282399,2038944,243455,5076062,-,2808144,2389277,2166602,222674,5026400,-,2951859,2518159,2263719,254440,5204402,-,3743341,2908613,2530094,378519,10016737,-,3350479,2785811,2421563,364248,6776013,-,3433000,2844000,2529000,315000,7063000,-,3499000,2997000,2660000,337000,6016000,-,3603000,3092000,2753000,339000,6132000,-,3668000,3125000,2783000,342000,6514000,-
"남자","기능원 및 관련 기능 종사자","대졸이상",2983432,2493832,2356887,136945,5875200,-,3000640,2543040,2393877,149164,5491204,-,3185525,2682900,2511550,171351,6031495,-,3152997,2737414,2573858,163556,4987001,-,3392541,2921486,2734010,187476,5652665,-,3530188,2993328,2759142,234186,6442323,-,3350577,2887806,2665081,222725,5553252,-,3420000,2970000,2780000,191000,5400000,-,3678000,3162000,2920000,242000,6200000,-,3777000,3282000,3057000,225000,5936000,-,3740000,3272000,3033000,239000,5619000,-
"남자","장치,기계조작 및 조립종사자","계",2512239,2024125,1648552,375573,5857362,-,2546207,2091136,1673301,417835,5460849,-,2802022,2236627,1789846,446781,6784736,-,2875388,2341665,1851784,489881,6404681,-,2958329,2401191,1906481,494710,6685650,-,2949087,2459830,1988528,471303,5871087,-,3023864,2542269,2048000,494269,5779141,-,3113000,2627000,2134000,493000,5841000,-,3352000,2808000,2273000,535000,6526000,-,3453000,2920000,2377000,544000,6394000,-,3539000,2995000,2488000,507000,6535000,-
"남자","장치,기계조작 및 조립종사자","중졸이하",2402441,1945351,1548490,396861,5485076,-,2467790,2026427,1555874,470554,5296356,-,2655268,2131550,1672499,459051,6284614,-,2706397,2214314,1688748,525566,5905001,-,2855950,2310712,1757440,553272,6542853,-,2580884,2196152,1734415,461737,4616788,-,2713117,2316283,1825111,491172,4762010,-,2785000,2406000,1895000,510000,4556000,-,2972000,2532000,1989000,543000,5273000,-,3109000,2669000,2107000,562000,5271000,-,3149000,2727000,2183000,543000,5073000,-
"남자","장치,기계조작 및 조립종사자","고졸",2484484,2005466,1614178,391289,5748221,-,2492927,2053696,1622947,430748,5270777,-,2749463,2199189,1729533,469656,6603292,-,2840659,2307680,1790885,516795,6395747,-,2900672,2351898,1842970,508929,6585290,-,2863274,2394692,1910208,484484,5622988,-,2929260,2476539,1960978,515561,5432652,-,2993000,2547000,2045000,502000,5353000,-,3241000,2725000,2173000,552000,6190000,-,3336000,2837000,2278000,559000,5984000,-,3438000,2918000,2402000,516000,6243000,-
"남자","장치,기계조작 및 조립종사자","전문대졸",2574754,2027707,1679393,348315,6564564,-,2630405,2136061,1740402,395659,5932123,-,2912864,2292948,1874727,418222,7438993,-,2979135,2385335,1925546,459789,7125603,-,3141534,2499903,1991908,507995,7699566,-,3299904,2649186,2122942,526244,7808617,-,3389584,2748816,2227827,520989,7689213,-,3583000,2883000,2324000,559000,8399000,-,3729000,3054000,2453000,601000,8101000,-,3796000,3108000,2530000,578000,8252000,-,3943000,3205000,2640000,565000,8847000,-
"남자","장치,기계조작 및 조립종사자","대졸이상",2858687,2342477,2113289,229188,6194521,-,3005749,2451710,2187162,264548,6648468,-,3254521,2599291,2322435,276856,7862760,-,3176051,2695584,2425287,270297,5765609,-,3257313,2756714,2467960,288754,6007184,-,3305936,2836184,2534731,301453,5637025,-,3386247,2868468,2562340,306128,6213353,-,3461000,2940000,2621000,318000,6252000,-,3728000,3133000,2793000,340000,7143000,-,3832000,3264000,2861000,403000,6817000,-,3776000,3288000,2925000,363000,5855000,-
"남자","단순노무 종사자","계",1678080,1518506,1363743,154763,1914893,-,1697667,1557545,1382166,175379,1681462,-,1824665,1662168,1475021,187147,1949967,-,1820034,1685143,1514803,170341,1618697,-,1945916,1782388,1574956,207432,1962338,-,1999477,1839412,1595616,243796,1920785,-,1974054,1837588,1612449,225139,1637590,-,2096000,1960000,1690000,270000,1641000,-,2284000,2119000,1829000,290000,1975000,-,2423000,2271000,1975000,296000,1825000,-,2494000,2356000,2082000,274000,1651000,-
"남자","단순노무 종사자","중졸이하",1437634,1324362,1212217,112145,1359267,-,1520573,1414190,1286719,127471,1276599,-,1546811,1438338,1303331,135007,1301678,-,1549735,1457775,1318057,139718,1103523,-,1639171,1529481,1374324,155157,1316281,-,1659081,1579289,1410243,169046,957506,-,1663568,1601635,1444915,156720,743194,-,1774000,1695000,1506000,189000,938000,-,1850000,1768000,1606000,162000,988000,-,2035000,1932000,1748000,185000,1239000,-,2136000,2069000,1908000,161000,801000,-
"남자","단순노무 종사자","고졸",1726146,1560834,1389640,171194,1983746,-,1727884,1582605,1389925,192680,1743343,-,1846360,1679708,1474661,205047,1999829,-,1812578,1683255,1502620,180635,1551871,-,1952845,1794938,1581972,212967,1894883,-,2002521,1843553,1587361,256193,1907610,-,1966646,1833541,1598266,235275,1597259,-,2076000,1944000,1667000,278000,1577000,-,2300000,2132000,1817000,315000,2010000,-,2419000,2274000,1962000,312000,1734000,-,2477000,2344000,2058000,286000,1600000,-
"남자","단순노무 종사자","전문대졸",1885509,1657801,1480607,177194,2732495,-,1871484,1677925,1472557,205368,2322706,-,2096944,1891275,1686100,205176,2468030,-,2122825,1918868,1723610,195257,2447481,-,2321193,2043795,1751895,291899,3328779,-,2349264,2067858,1766216,301642,3376870,-,2329137,2083411,1772786,310625,2948717,-,2416000,2171000,1825000,346000,2933000,-,2595000,2359000,2034000,324000,2833000,-,2731000,2496000,2138000,358000,2821000,-,2894000,2654000,2294000,360000,2881000,-
"남자","단순노무 종사자","대졸이상",1877548,1681287,1554600,126687,2355128,-,1791019,1656149,1516000,140149,1618434,-,2183570,1939575,1760943,178632,2927944,-,2200114,1994147,1864776,129372,2471600,-,2230758,2019880,1824588,195292,2530532,-,2277180,2081006,1842657,238348,2354084,-,2227099,2045320,1863246,182074,2181352,-,2356000,2210000,1962000,248000,1750000,-,2411000,2236000,2010000,226000,2100000,-,2588000,2408000,2171000,237000,2156000,-,2616000,2472000,2242000,229000,1734000,-
