"행정구역별(1)","특성별(1)",특성별(2),2009,2009,2009,2009,2009,2009,2009,2009,2009,2009,2011,2011,2011,2011,2011,2011,2011,2011,2011,2011,2013,2013,2013,2013,2013,2013,2013,2013,2013,2013,2015,2015,2015,2015,2015,2015,2015,2015,2015,2015,2017,2017,2017,2017,2017,2017,2017,2017,2017,2017,2019,2019,2019,2019,2019,2019,2019,2019,2019,2019,2021,2021,2021,2021,2021,2021,2021,2021,2021,2021
"행정구역별(1)","특성별(1)",특성별(2),여성에 대한 사회적 편견,여성의 직업의식 책임감 부족,불평등한 근로여건,일에 대한 여성의 능력 부족,구인정보 부족,육아부담,가족돌봄(육아 제외),가사부담,기타,잘 모르겠다,여성에 대한 사회적 편견,여성의 직업의식 책임감 부족,불평등한 근로여건,일에 대한 여성의 능력 부족,구인정보 부족,육아부담,가족돌봄(육아 제외),가사부담,기타,잘 모르겠다,여성에 대한 사회적 편견,여성의 직업의식 책임감 부족,불평등한 근로여건,일에 대한 여성의 능력 부족,구인정보 부족,육아부담,가족돌봄(육아 제외),가사부담,기타,잘 모르겠다,여성에 대한 사회적 편견,여성의 직업의식 책임감 부족,불평등한 근로여건,일에 대한 여성의 능력 부족,구인정보 부족,육아부담,가족돌봄(육아 제외),가사부담,기타,잘 모르겠다,여성에 대한 사회적 편견,여성의 직업의식 책임감 부족,불평등한 근로여건,일에 대한 여성의 능력 부족,구인정보 부족,육아부담,가족돌봄(육아 제외),가사부담,기타,잘 모르겠다,여성에 대한 사회적 편견,여성의 직업의식 책임감 부족,불평등한 근로여건,일에 대한 여성의 능력 부족,구인정보 부족,육아부담,가족돌봄(육아 제외),가사부담,기타,잘 모르겠다,여성에 대한 사회적 편견,여성의 직업의식 책임감 부족,불평등한 근로여건,일에 대한 여성의 능력 부족,구인정보 부족,육아부담,가족돌봄(육아 제외),가사부담,기타,잘 모르겠다
"전국","전체",계,40.7,13.1,32.1,6.3,8.5,70.3,,43.4,0.1,7.4,39.1,13.1,31.1,6.1,6.7,67.8,,42.4,0.2,8.0,38.9,13.5,28.9,5.5,5.6,67.6,,41.3,0.1,8.3,41.6,14.2,33.5,6.6,4.7,71.0,,41.5,0.2,6.2,50.3,15.4,41.2,7.4,6.3,73.7,17.0,40.7,0.1,6.1,43.0,,47.0,,11.8,77.0,21.0,49.3,0.5,7.8,39.5,,45.7,,13.4,75.1,23.1,47.5,0.7,9.2
"전국","동·읍면부",동부,42.1,13.9,33.7,6.4,8.5,70.6,,43.2,0.1,6.4,40.4,13.8,32.4,6.3,6.9,68.2,,42.7,0.1,7.4,39.8,14.2,29.9,5.7,5.8,67.6,,41.7,0.1,8.1,42.6,15.0,34.3,6.8,4.8,70.9,,41.5,0.2,6.0,51.6,16.0,42.5,7.7,6.5,74.0,17.0,40.2,0.1,5.6,44.1,,48.4,,11.9,77.7,20.7,49.4,0.5,7.4,39.7,,46.9,,13.7,75.4,23.0,47.5,0.7,8.8
"전국","동·읍면부",읍면부,34.0,9.4,25.0,5.6,8.6,68.7,,44.6,0.2,11.4,33.2,9.6,25.3,5.1,6.1,66.0,,40.7,0.4,10.8,34.4,9.9,24.4,4.7,4.7,67.5,,39.1,0.0,9.4,37.0,10.3,29.5,5.6,4.1,71.4,,42.0,0.1,7.4,44.3,12.8,34.9,6.3,5.2,72.4,17.0,43.0,0.1,8.6,38.0,,40.7,,11.7,74.0,22.2,49.0,0.5,9.8,38.6,,39.9,,11.9,73.5,23.8,47.4,0.4,10.6
"전국","성별",남자,41.5,16.1,30.5,7.5,7.4,68.2,,40.1,0.1,8.6,39.3,15.9,29.4,7.2,5.5,65.4,,38.2,0.1,9.6,39.2,16.8,27.1,6.7,4.6,64.8,,37.5,0.1,10.1,41.7,17.6,31.4,8.1,3.6,68.1,,37.9,0.2,7.7,50.0,19.0,38.6,9.2,5.4,71.8,16.3,38.0,0.1,7.4,42.6,,43.4,,10.9,75.0,20.5,46.9,0.8,10.4,37.9,,41.9,,12.7,72.7,23.4,44.3,1.1,12.2
"전국","성별",여자,39.9,10.2,33.7,5.2,9.6,72.3,,46.6,0.1,6.2,38.9,10.3,32.8,5.1,7.9,70.2,,46.4,0.2,6.5,38.6,10.2,30.7,4.3,6.7,70.4,,44.9,0.1,6.6,41.5,10.9,35.5,5.2,5.8,73.8,,45.1,0.1,4.8,50.6,11.9,43.6,5.7,7.1,75.7,17.8,43.4,0.1,4.8,43.4,,50.5,,12.8,79.0,21.4,51.6,0.3,5.3,41.1,,49.4,,14.0,77.4,22.9,50.7,0.3,6.1
"전국","연령",13∼19세,-,-,-,-,-,-,-,-,-,-,56.2,14.5,37.7,9.1,4.3,58.0,,34.5,0.1,13.3,54.1,16.4,35.6,8.9,4.2,58.7,,33.6,0.1,11.9,55.1,16.7,39.8,9.8,3.9,65.5,,32.5,0.1,8.7,63.6,15.5,47.1,9.0,5.5,68.2,15.7,30.5,0.0,8.4,56.5,,51.7,,10.8,71.6,18.4,36.7,0.4,11.1,50.9,,46.0,,11.8,66.9,20.8,38.7,0.8,14.1
"전국","연령",15∼19세,55.2,12.3,40.8,6.6,6.3,59.0,,36.1,0.2,12.8,,,,,,,,,,,,,,,,,,,,,,,,,,,,,,,,,,,,,,,,,,,,,,,,,,,-,,-,,-,-,-,-,-,-
"전국","연령",20∼29세,51.4,15.6,41.4,6.7,8.2,69.4,,37.5,0.1,5.9,49.6,16.6,39.5,7.2,7.3,65.9,,38.6,0.2,5.5,48.3,17.3,36.8,6.4,5.1,67.1,,37.4,0.2,6.3,52.5,19.3,39.0,8.6,5.0,68.9,,34.8,0.4,5.1,62.4,20.4,46.5,10.8,5.8,72.5,13.2,34.1,0.2,4.4,52.3,,51.2,,12.1,75.8,16.8,41.2,1.2,8.5,44.9,,46.9,,13.0,71.0,19.8,41.8,1.8,12.3
"전국","연령",30∼39세,41.0,14.3,35.4,5.9,9.6,80.4,,46.6,0.1,2.8,36.9,13.9,33.5,5.2,7.7,79.2,,47.8,0.1,3.7,39.7,14.2,33.8,4.5,6.6,77.5,,44.9,0.1,3.9,42.6,15.2,37.4,5.4,5.5,80.8,,44.3,0.3,2.9,51.8,16.2,46.4,6.1,7.2,83.7,15.8,42.1,0.1,2.8,41.6,,51.2,,13.3,86.2,19.7,51.8,0.8,4.5,38.3,,46.9,,15.5,83.7,21.0,47.8,1.2,6.4
"전국","연령",40∼49세,41.6,15.6,33.8,7.5,11.2,69.2,,44.4,0.2,3.9,38.7,15.5,33.8,6.4,8.1,67.7,,45.3,0.1,5.0,39.2,15.7,31.6,6.4,7.3,67.4,,44.0,0.1,5.3,41.1,15.7,37.8,7.3,5.8,73.0,,46.6,0.1,3.6,51.0,16.9,45.5,8.0,7.9,77.2,18.2,44.1,0.0,2.9,41.3,,52.8,,14.9,79.7,22.6,55.1,0.5,4.6,34.9,,49.9,,16.3,81.4,26.1,55.2,0.7,4.6
"전국","연령",50∼59세,38.2,12.9,28.6,6.8,8.1,67.3,,46.3,0.1,7.2,37.9,12.9,29.4,6.2,6.5,64.7,,42.7,0.2,7.4,36.8,12.8,26.5,5.2,6.5,65.3,,41.5,0.0,7.3,40.4,13.9,33.6,6.1,5.2,66.8,,42.3,0.0,5.8,48.6,16.2,41.5,7.4,6.2,69.6,18.9,43.7,0.1,5.5,44.0,,49.8,,13.0,74.7,22.4,51.2,0.3,6.0,42.1,,50.9,,15.0,74.1,24.7,50.4,0.3,6.5
"전국","연령",60∼69세,28.9,8.5,20.7,5.0,6.8,70.5,,45.4,0.1,11.7,27.9,7.4,20.0,4.7,6.1,69.6,,42.5,0.2,10.0,28.2,7.9,18.4,4.1,4.2,69.0,,44.3,0.0,10.4,32.6,9.1,23.1,5.3,3.2,70.6,,44.6,0.1,7.9,42.1,11.5,33.7,5.9,6.0,72.2,18.0,43.2,0.0,7.5,39.0,,40.2,,9.1,75.5,22.1,51.9,0.2,8.5,38.3,,42.8,,12.0,72.7,23.4,47.7,0.1,9.1
"전국","연령",70∼79세,22.1,6.1,14.2,3.8,5.3,67.5,,44.8,0.3,18.1,22.0,4.7,13.4,3.3,5.1,65.7,,40.7,0.3,17.4,21.3,5.5,10.8,2.7,2.8,64.8,,40.4,0.0,19.1,26.0,6.1,17.2,3.9,2.7,68.2,,41.3,,13.1,34.2,8.2,22.7,4.8,4.0,70.3,19.9,43.1,,14.0,31.3,,29.0,,7.3,73.5,24.7,51.7,0.0,13.6,33.6,,33.2,,7.8,70.9,24.8,44.1,0.0,14.2
"전국","연령",80세 이상,16.2,3.2,11.6,2.1,4.6,62.8,,40.3,0.1,26.9,16.9,4.4,12.3,3.3,3.7,57.3,,36.1,0.2,29.5,18.1,4.4,8.8,2.0,1.8,55.8,,36.8,,28.6,19.6,4.4,11.3,3.1,1.5,62.4,,40.1,,21.4,24.0,6.6,16.5,3.4,2.2,59.6,16.8,40.4,,23.5,25.6,,22.2,,4.6,63.4,21.3,43.6,0.0,24.6,29.5,,29.7,,6.5,65.2,22.5,41.2,,21.6
"전국","연령",60세 이상,25.2,7.1,17.5,4.3,6.0,68.7,,44.7,0.2,15.5,24.4,6.1,16.7,4.0,5.4,66.6,,41.0,0.2,15.2,24.5,6.6,14.4,3.3,3.4,65.9,,42.0,0.0,15.8,28.7,7.5,19.5,4.5,2.8,68.7,,42.9,0.0,11.4,37.2,9.7,27.9,5.2,4.8,70.0,18.5,42.8,0.0,11.7,34.6,,34.0,,7.9,73.2,22.8,50.7,0.1,12.4,35.5,,37.9,,9.9,71.0,23.7,45.6,0.1,12.5
"전국","연령",60∼64세,30.7,9.1,22.7,5.3,6.9,71.3,,45.0,0.1,10.4,29.5,7.6,21.0,5.1,6.1,70.8,,44.2,0.2,8.4,29.7,8.3,20.0,4.2,4.8,67.9,,44.4,,10.2,34.1,9.4,24.5,6.1,3.7,70.2,,45.0,0.1,7.1,45.0,11.7,36.6,5.9,6.1,72.0,17.8,43.6,,6.6,39.4,,42.1,,9.4,76.0,22.3,54.2,0.3,7.8,39.4,,44.8,,12.9,73.7,23.4,48.1,0.1,8.3
"전국","연령",65세 이상,23.0,6.3,15.4,3.9,5.7,67.6,,44.6,0.2,17.5,22.3,5.5,14.9,3.6,5.1,64.9,,39.7,0.2,17.9,22.4,5.9,12.3,3.0,2.9,65.1,,41.0,0.0,18.0,26.4,6.7,17.5,3.9,2.5,68.1,,42.0,,13.2,33.7,8.9,24.1,4.9,4.3,69.1,18.8,42.4,0.0,14.0,32.4,,30.2,,7.2,71.8,23.1,49.0,0.0,14.6,33.7,,34.6,,8.5,69.8,23.8,44.5,0.1,14.6
"전국","연령",65∼69세,26.7,7.8,18.6,4.6,6.6,69.6,,46.0,0.1,13.2,25.8,7.2,18.7,4.2,6.1,68.1,,40.3,0.1,12.0,26.4,7.4,16.4,4.0,3.5,70.4,,44.3,0.1,10.7,30.8,8.8,21.4,4.2,2.7,71.2,,44.1,,8.8,38.3,11.1,30.1,5.8,5.8,72.5,18.2,42.6,,8.7,38.3,,37.3,,8.8,74.8,21.8,48.5,0.0,9.6,36.8,,39.9,,10.9,71.3,23.4,47.2,0.1,10.3
"전국","교육정도",초졸이하,25.8,6.8,16.7,4.4,7.2,64.9,,44.3,0.2,18.1,30.9,6.8,20.1,4.7,5.4,61.8,,38.4,0.3,16.8,28.5,7.1,17.5,4.5,3.7,61.4,,38.7,0.0,18.2,31.4,7.5,20.2,4.9,2.9,66.4,,40.2,0.1,13.4,37.5,8.8,27.0,5.9,4.6,64.6,18.8,39.5,0.0,15.8,35.0,,31.3,,8.0,68.8,22.7,45.3,0.1,16.5,36.6,,33.4,,8.6,66.7,22.2,42.0,0.1,16.8
"전국","교육정도",중 졸,40.4,10.4,31.4,5.9,8.3,63.0,,42.0,0.2,11.1,39.9,9.7,29.5,6.6,5.4,60.4,,39.6,0.1,11.9,39.3,10.8,25.8,5.8,5.2,61.9,,39.0,0.1,11.5,40.4,11.4,31.6,6.8,4.2,65.3,,38.8,0.1,8.9,47.5,12.0,37.2,6.4,6.3,66.8,18.5,39.4,0.0,9.7,43.0,,41.2,,10.9,71.1,20.5,46.1,0.2,11.0,40.7,,41.8,,12.1,67.8,23.2,43.3,0.4,12.8
"전국","교육정도",고 졸,43.4,12.7,34.1,7.0,9.8,69.8,,43.2,0.1,5.6,40.0,13.2,32.6,6.5,8.0,66.3,,43.5,0.1,6.7,39.9,13.6,31.3,5.7,6.3,64.9,,40.8,0.1,7.1,42.7,14.7,34.9,7.3,5.6,68.8,,41.1,0.1,5.7,51.8,15.7,43.0,8.4,7.3,71.7,16.5,40.1,0.1,5.1,43.9,,48.2,,13.7,75.0,20.3,49.3,0.5,7.6,41.1,,46.4,,15.0,72.7,22.3,46.8,0.7,9.3
"전국","교육정도",대졸이상,44.9,18.0,37.9,6.5,7.8,76.9,,43.9,0.1,2.4,42.4,17.8,36.1,6.3,6.6,75.9,,44.4,0.1,3.0,42.8,17.5,33.4,5.6,6.0,76.0,,44.0,0.1,3.4,45.5,17.6,38.6,6.5,4.7,77.5,,43.7,0.2,2.7,54.4,18.7,45.9,7.4,5.8,81.4,16.4,42.3,0.1,2.3,45.0,,53.2,,11.7,83.8,21.1,51.7,0.8,4.0,38.7,,49.9,,13.9,81.8,24.1,51.0,1.0,5.6
"전국","혼인상태",미? 혼,52.8,15.3,40.8,6.7,7.4,63.9,,35.6,0.2,8.7,51.5,16.4,38.0,8.0,6.0,61.4,,35.1,0.1,9.3,49.9,17.3,35.8,7.4,4.6,61.9,,34.7,0.1,9.7,52.3,18.8,38.7,8.8,4.3,66.1,,33.5,0.3,7.0,61.3,19.0,46.1,9.6,5.6,69.8,14.3,32.7,0.2,6.4,51.8,,50.4,,10.8,73.8,17.5,41.1,1.0,9.8,45.5,,46.5,,12.3,69.6,20.2,40.4,1.5,13.1
"전국","혼인상태",배우자 있음,37.9,13.1,30.3,6.4,9.1,73.5,,46.5,0.1,5.6,35.3,12.4,29.8,5.5,7.1,72.0,,46.3,0.2,5.8,35.5,12.6,27.3,4.8,6.2,71.8,,45.1,0.1,5.9,38.3,13.1,32.5,5.9,5.0,74.5,,45.9,0.1,4.8,47.3,14.4,40.9,6.5,6.7,77.2,18.0,45.0,0.1,4.5,40.2,,47.6,,12.7,79.9,22.4,53.9,0.3,5.6,37.3,,46.5,,14.5,79.0,24.9,51.6,0.4,6.3
"전국","혼인상태",사? 별,22.7,5.8,16.6,3.5,7.1,68.3,,46.8,0.2,16.9,22.5,5.1,15.7,3.6,6.2,63.7,,40.9,0.3,19.3,22.8,5.7,14.2,3.3,3.8,61.2,,40.0,0.0,20.3,25.6,6.0,17.8,3.7,3.3,66.6,,40.7,,14.4,32.7,8.4,23.8,4.9,4.7,66.1,18.9,40.0,,16.7,30.2,,29.7,,7.5,69.6,23.5,47.0,0.2,16.1,32.8,,33.3,,8.0,68.6,22.0,43.8,0.1,16.4
"전국","혼인상태",이? 혼,35.1,11.7,30.6,6.8,10.2,63.8,,40.5,0.2,9.8,33.1,11.4,27.2,6.4,6.9,58.4,,39.4,0.5,12.9,34.9,11.5,27.7,5.7,7.3,57.8,,35.4,0.0,12.5,38.1,9.8,36.0,5.7,5.2,64.2,,38.5,,8.7,45.1,15.5,38.1,8.8,7.3,66.7,19.5,39.3,0.2,8.0,41.0,,44.3,,13.5,72.8,21.3,47.7,0.4,10.5,38.9,,46.6,,14.2,69.4,21.3,45.9,0.3,10.3
"전국","경제활동상태",취? 업,41.2,14.5,33.4,6.7,8.8,72.0,,44.3,0.1,5.2,39.0,14.2,32.6,6.0,7.0,69.5,,43.7,0.2,5.8,38.5,14.3,30.3,5.4,5.7,69.7,,42.7,0.0,6.0,42.1,15.4,35.5,6.6,4.7,72.5,,42.6,0.2,4.3,51.4,16.8,43.3,7.8,6.2,75.6,17.3,41.7,0.1,4.0,42.9,,49.2,,11.9,78.8,21.1,50.9,0.5,6.3,39.1,,47.7,,13.6,78.5,23.5,49.8,0.7,6.9
"전국","경제활동상태",실업 및 비경제활동,40.0,11.3,30.5,5.7,8.2,68.1,,42.3,0.1,10.1,39.3,11.7,29.3,6.3,6.3,65.8,,40.7,0.1,10.8,39.4,12.3,27.1,5.6,5.5,64.8,,39.3,0.1,11.3,41.0,12.6,30.9,6.6,4.7,69.0,,40.1,0.1,8.8,48.7,13.4,38.0,6.9,6.4,71.1,16.6,39.3,0.1,9.0,43.1,,43.7,,11.7,74.2,20.8,46.9,0.5,10.2,40.0,,43.0,,13.2,70.6,22.7,44.5,0.6,12.1
"전국","맞벌이여부",맞벌이,-,-,-,-,-,-,-,-,-,-,-,-,-,-,-,-,-,-,-,-,40.4,13.8,31.5,5.6,5.4,69.6,,42.6,0.1,6.5,44.4,15.0,36.5,6.9,4.8,73.0,,43.3,0.2,4.4,53.2,15.9,44.5,7.5,5.6,76.4,17.3,42.5,0.0,4.0,44.0,,51.2,,12.2,79.4,20.7,51.0,0.5,5.7,39.7,,48.4,,13.7,78.0,23.9,49.8,0.8,7.1
"전국","맞벌이여부",비맞벌이,-,-,-,-,-,-,-,-,-,-,-,-,-,-,-,-,-,-,-,-,38.0,13.4,27.5,5.3,6.0,69.1,,42.6,0.1,7.5,39.6,13.5,32.4,6.5,4.8,72.2,,43.1,0.1,6.4,48.9,14.4,40.6,6.7,7.0,74.9,17.4,42.0,0.1,5.9,42.2,,45.5,,12.1,77.9,21.8,51.0,0.4,7.6,38.9,,45.3,,14.1,75.7,23.8,48.8,0.5,8.5
"전국","산업",농림어업,29.1,7.1,15.4,4.4,6.5,65.8,,44.5,0.2,14.5,24.9,5.3,17.1,4.5,6.1,67.4,,39.0,1.0,11.4,25.4,4.6,15.4,3.6,4.2,70.8,,44.8,,9.6,28.8,6.9,19.0,3.9,3.2,73.0,,46.2,,8.1,36.6,9.1,25.8,4.7,4.4,72.0,18.3,45.2,,9.9,33.1,,29.6,,8.6,74.8,23.5,52.1,0.1,10.5,36.0,,33.4,,9.8,75.2,25.4,50.1,0.2,9.5
"전국","산업",광업·제조업,42.6,15.0,36.1,6.3,9.9,71.0,,44.4,0.1,4.1,39.2,15.5,33.0,6.4,7.3,68.4,,43.2,0.1,5.9,39.8,17.5,32.1,5.8,5.3,68.9,,40.8,0.0,6.0,43.6,15.9,36.5,6.9,5.0,70.8,,41.7,0.2,4.5,52.4,17.2,44.6,8.9,6.7,74.9,16.3,39.7,0.0,4.4,44.0,,50.1,,11.9,78.7,20.4,50.5,0.6,6.3,40.8,,48.7,,14.2,77.5,22.8,46.1,0.8,7.5
"전국","산업",사회간접자본?기타서비스업,42.3,15.3,34.9,7.1,8.8,73.0,,44.3,0.1,4.4,40.5,14.9,34.3,6.1,7.1,70.0,,44.4,0.1,5.1,39.9,14.8,31.8,5.6,6.0,69.8,,43.0,0.1,5.5,42.8,16.0,36.7,6.7,4.8,72.9,,42.6,0.2,3.9,52.3,17.3,44.4,7.8,6.2,76.1,17.5,41.9,0.1,3.5,43.4,,50.5,,12.2,79.2,21.2,50.8,0.6,5.9,39.0,,48.5,,13.7,78.9,23.5,50.6,0.8,6.6
"전국","직업",전문관리,44.5,19.1,37.3,6.6,6.4,77.0,,44.4,0.1,2.6,43.4,19.2,36.2,7.0,5.1,76.0,,46.1,0.1,2.4,42.5,18.1,35.0,5.9,4.7,76.7,,46.0,0.1,2.6,46.1,19.1,39.3,6.1,4.0,79.0,,45.7,0.2,1.8,56.0,19.2,47.9,7.3,4.0,82.5,17.3,42.1,0.1,1.5,44.4,,53.3,,10.6,84.7,22.8,52.1,1.0,4.0,39.4,,50.1,,12.2,84.1,24.5,51.9,1.0,4.7
"전국","직업",사? 무,46.1,17.5,39.7,6.7,7.8,76.6,,45.7,0.1,1.8,43.7,17.8,37.6,5.7,7.0,74.7,,45.8,0.2,2.8,43.3,18.9,35.5,5.1,5.9,75.4,,43.5,0.0,2.4,47.1,18.9,40.0,6.9,4.6,79.3,,43.8,0.2,1.5,55.5,17.9,46.9,7.6,6.2,82.6,17.6,41.7,0.1,1.5,46.2,,57.5,,10.8,85.3,19.4,51.1,0.5,3.0,39.8,,51.7,,14.1,84.6,22.5,52.0,0.8,4.3
"전국","직업",서비스판매,41.6,14.4,33.4,7.7,10.5,70.5,,44.0,0.2,4.3,40.4,14.4,33.9,6.4,8.1,67.2,,45.6,0.1,5.1,40.0,13.8,31.8,6.1,6.3,66.4,,42.3,0.1,5.9,42.0,15.6,35.9,7.2,6.0,69.7,,42.4,0.1,4.0,51.2,18.1,43.7,8.9,7.4,72.7,17.1,42.3,0.1,3.8,43.6,,49.8,,13.6,76.6,21.2,50.8,0.6,6.1,38.6,,46.9,,15.1,77.3,24.4,51.3,0.8,6.6
"전국","직업",농어업,29.9,6.8,15.4,4.5,6.2,65.9,,44.2,0.2,14.2,24.5,5.3,17.0,4.3,6.1,66.9,,39.1,1.1,11.6,25.7,4.8,15.4,3.4,3.9,70.9,,45.0,,9.6,29.0,6.8,18.9,3.8,3.7,72.4,,46.6,0.2,8.2,36.6,9.5,25.8,4.5,4.2,71.2,18.5,44.8,,10.0,33.5,,29.9,,9.0,74.4,23.0,51.6,0.1,10.6,35.4,,33.5,,9.6,75.0,25.8,50.0,0.2,9.6
"전국","직업",기능노무,38.6,11.7,31.9,6.6,10.5,68.4,,43.7,0.2,7.3,35.8,10.7,30.2,5.6,7.9,64.0,,40.8,0.1,8.8,35.6,12.4,27.4,5.4,6.4,63.5,,39.5,0.1,9.6,39.3,12.6,33.4,6.8,4.4,66.5,,39.4,0.2,7.0,48.1,14.8,40.7,8.0,7.4,68.7,17.1,40.4,0.0,6.7,41.3,,45.1,,12.8,73.5,20.5,50.0,0.3,9.0,39.6,,46.5,,13.7,72.1,22.4,45.9,0.5,9.8
"전국","종사상지위",임금근로자,43.0,14.9,36.9,6.7,9.2,73.1,,43.8,0.1,4.2,41.2,15.4,35.5,6.0,7.5,69.2,,43.4,0.1,5.0,40.9,15.6,33.3,5.6,6.2,69.9,,42.1,0.1,5.3,43.8,16.2,38.4,6.6,4.9,72.7,,41.7,0.2,3.9,53.3,17.4,45.5,8.2,6.3,76.0,17.1,41.0,0.1,3.4,44.1,,51.5,,12.2,79.1,20.8,49.9,0.6,5.8,39.9,,49.2,,13.7,78.6,22.8,49.2,0.8,6.8
"전국","종사상지위",고용주,41.0,19.2,27.6,8.1,8.2,71.4,,45.2,0.2,4.1,38.1,20.0,26.7,7.5,6.0,71.8,,47.9,,3.7,37.0,18.2,28.8,7.6,4.0,70.3,,43.9,0.0,4.7,40.4,18.4,28.9,7.4,3.2,73.7,,47.7,0.2,4.2,48.6,18.7,38.6,8.8,4.2,77.9,17.1,45.0,,3.8,41.9,,46.7,,10.6,82.6,22.6,57.0,0.5,4.8,36.5,,45.2,,13.8,79.7,26.5,54.9,0.7,5.0
"전국","종사상지위",자영자,37.7,13.1,26.6,6.6,7.7,69.1,,44.3,0.2,8.0,33.8,10.2,26.5,5.9,6.1,69.3,,42.7,0.4,8.6,33.0,10.0,22.5,4.8,5.0,68.2,,43.1,0.0,8.3,37.7,12.9,28.9,6.5,4.4,70.3,,42.5,0.1,6.0,45.8,15.0,37.0,6.2,6.2,72.7,18.2,42.2,0.1,6.7,39.5,,42.1,,11.1,76.2,21.5,52.4,0.3,8.6,36.7,,43.5,,12.6,77.4,25.1,50.3,0.6,8.0
"전국","주관적 만족감",만족,44.3,16.8,33.5,7.1,6.8,75.2,,45.1,0.1,3.8,44.6,16.2,33.2,6.7,5.3,72.2,,44.1,0.0,5.0,42.1,16.3,31.1,5.9,5.4,72.8,,42.9,0.1,5.2,44.8,16.4,35.2,7.4,4.3,74.7,,42.7,0.2,4.6,53.7,16.7,43.0,7.4,5.7,78.7,17.0,41.6,0.1,3.8,45.4,,49.7,,11.4,81.1,21.7,50.3,0.5,5.6,40.4,,47.2,,12.4,79.9,24.9,49.4,0.6,6.5
"전국","주관적 만족감",보통,40.8,12.8,32.1,6.1,8.8,69.1,,42.1,0.1,7.6,38.4,12.5,30.2,5.9,6.8,67.1,,41.3,0.2,8.3,38.5,12.4,28.3,5.2,5.6,65.9,,40.8,0.1,8.7,40.4,13.4,32.4,6.3,4.6,70.1,,41.2,0.1,6.6,49.5,14.8,40.0,7.2,6.4,73.1,16.9,40.4,0.1,6.4,41.9,,45.6,,12.4,75.8,20.6,49.1,0.5,8.5,39.0,,44.2,,13.7,72.9,22.4,46.3,0.5,10.6
"전국","주관적 만족감",불만족,38.2,11.2,31.3,6.0,9.3,68.8,,44.2,0.1,9.2,35.5,11.2,30.9,5.9,7.9,65.2,,42.7,0.2,10.2,34.4,11.0,26.7,5.5,6.1,62.8,,39.5,0.1,12.4,39.2,12.3,33.4,6.1,5.7,66.6,,40.5,0.1,8.5,47.6,14.9,41.1,7.9,6.6,68.6,17.3,40.2,0.1,8.3,40.2,,44.4,,11.5,70.7,20.3,47.4,0.7,11.3,39.1,,46.1,,14.4,71.9,22.0,46.8,1.1,10.3
"전국","가구소득",50만원 미만,24.7,6.9,17.8,4.3,6.6,64.0,-,41.3,0.1,19.7,-,-,-,-,-,-,-,-,-,-,-,-,-,-,-,-,-,-,-,-,-,-,-,-,-,-,-,-,-,-,-,-,-,-,-,-,-,-,-,-,-,-,-,-,-,-,-,-,-,-,-,-,-,-,-,-,-,-,-,-
"전국","가구소득",50~100만원 미만,33.1,9.4,24.1,5.9,9.7,65.8,-,43.3,0.2,12.3,-,-,-,-,-,-,-,-,-,-,-,-,-,-,-,-,-,-,-,-,-,-,-,-,-,-,-,-,-,-,-,-,-,-,-,-,-,-,-,-,-,-,-,-,-,-,-,-,-,-,-,-,-,-,-,-,-,-,-,-
"전국","가구소득",100만원 미만,-,-,-,-,-,-,-,-,-,-,28.2,7.4,20.0,5.4,6.4,61.7,,37.5,0.4,15.9,29.3,8.7,18.6,4.6,4.3,61.3,,37.8,0.1,16.1,33.7,8.9,21.7,5.2,3.4,64.4,,37.7,0.1,12.4,38.3,10.5,27.5,6.0,5.0,65.4,17.0,38.0,0.0,14.4,34.8,,33.8,,8.3,69.9,21.9,44.5,0.4,15.5,36.0,,35.1,,10.9,64.4,21.0,40.8,0.4,16.8
"전국","가구소득",100∼200만원 미만,39.2,11.3,32.6,6.0,8.9,68.3,,42.6,0.2,7.9,37.7,10.4,30.0,5.9,7.2,64.7,,39.6,0.1,9.5,36.8,10.5,28.0,5.0,6.0,63.8,,39.6,0.0,10.4,37.6,12.1,31.6,6.4,5.0,66.5,,39.2,0.1,8.1,47.0,13.3,36.7,6.9,7.4,68.2,17.8,39.8,0.1,8.7,40.0,,41.8,,12.1,70.8,21.2,46.9,0.3,11.2,40.2,,41.8,,13.6,69.8,21.3,42.9,0.5,12.0
"전국","가구소득",200∼300만원 미만,41.6,13.4,34.6,6.5,9.7,70.5,,43.7,0.1,6.1,39.0,13.4,32.5,6.2,7.0,69.0,,44.1,0.1,6.7,39.7,12.3,30.3,5.7,6.4,66.6,,41.0,0.1,7.6,42.1,14.1,35.5,7.1,5.4,70.1,,40.8,0.2,5.3,51.5,16.1,41.8,8.2,7.5,71.3,16.3,39.7,0.1,6.1,43.2,,45.3,,13.1,75.8,20.1,49.0,0.4,7.8,39.5,,45.9,,14.5,73.7,22.7,46.6,0.6,9.1
"전국","가구소득",300∼400만원 미만,43.0,14.2,34.2,7.0,8.5,72.7,,43.5,0.2,5.4,42.1,14.3,34.6,6.3,6.9,68.9,,43.8,0.0,6.2,42.2,14.7,32.0,5.6,5.5,71.2,,42.2,0.1,5.6,43.4,14.2,36.1,6.7,5.0,73.4,,43.1,0.1,5.1,52.3,16.4,46.1,8.1,6.2,75.6,16.6,40.2,0.1,4.0,45.5,,48.8,,13.4,77.8,21.1,49.4,0.6,6.2,39.5,,47.1,,14.8,76.4,23.2,48.6,0.6,7.9
"전국","가구소득",400∼500만원 미만,46.0,15.1,35.4,6.6,7.6,74.2,,45.8,0.1,4.4,45.6,16.8,35.4,6.8,6.5,72.3,,45.0,0.1,4.8,41.7,16.2,32.1,5.6,6.1,71.8,,44.9,0.0,5.1,44.3,16.7,37.6,6.1,5.0,76.2,,43.3,0.2,4.1,53.0,15.5,44.1,7.2,6.5,77.5,17.8,41.9,0.1,3.5,45.6,,52.2,,12.4,80.1,20.0,51.6,0.8,5.1,39.2,,48.5,,13.0,78.7,24.5,50.4,1.1,7.3
"전국","가구소득",500∼600만원 미만,48.2,19.4,35.9,6.7,7.3,75.1,,42.4,0.1,2.9,42.0,19.1,35.4,6.6,6.9,72.4,,45.5,0.2,3.8,44.8,20.6,31.7,5.8,5.0,71.5,,42.7,0.2,4.5,46.1,16.9,36.8,7.0,4.4,75.6,,46.7,0.2,3.7,54.3,17.3,45.9,7.6,5.4,80.0,16.8,42.5,0.1,2.8,43.8,,52.2,,11.2,82.6,20.6,52.3,0.4,4.9,40.6,,49.9,,14.9,79.7,24.9,49.8,0.8,6.1
"전국","가구소득",600만원 이상,49.9,19.4,35.1,6.3,5.5,73.9,-,44.7,0.0,3.3,48.2,18.6,35.5,6.3,4.7,73.7,-,45.6,0.2,3.7,44.1,21.1,33.5,7.1,5.0,75.5,-,44.5,0.1,3.4,48.4,19.7,35.8,7.8,3.7,75.9,-,44.1,0.2,3.5,55.6,18.8,45.5,7.4,4.4,81.7,17.2,44.2,-,2.8,46.1,-,54.2,-,10.8,82.8,22.0,51.5,0.6,4.9,40.7,-,49.9,-,11.9,81.5,24.6,52.3,0.8,6.0
"전국","연령*성별",13∼19세*남자,-,-,-,-,-,-,-,-,-,-,50.5,17.1,30.9,10.3,3.6,52.6,,30.8,0.1,18.9,48.2,20.1,29.2,10.3,3.8,53.7,,29.8,0.1,16.6,49.4,20.1,34.6,10.3,3.2,59.6,,30.1,0.2,12.8,57.4,19.6,37.6,10.6,5.9,64.0,16.0,28.3,,12.7,47.3,,41.1,,12.1,68.7,19.5,37.2,0.7,16.0,42.8,,36.7,,13.1,62.6,23.2,34.7,1.1,20.3
"전국","연령*성별",13∼19세*여자,-,-,-,-,-,-,-,-,-,-,62.4,11.5,45.3,7.9,5.0,63.9,,38.6,0.0,7.1,60.4,12.3,42.6,7.3,4.7,64.1,,37.8,,6.9,61.2,13.1,45.5,9.3,4.6,71.8,,35.1,,4.4,70.2,11.1,57.2,7.3,5.2,72.6,15.4,32.8,0.1,3.9,66.3,,62.9,,9.3,74.8,17.2,36.1,0.1,5.8,59.4,,55.7,,10.4,71.4,18.4,42.9,0.6,7.6
"전국","연령*성별",15~19세*남자,48.2,15.0,32.2,7.5,5.7,54.7,,33.0,0.2,19.5,,,,,,,,,,,,,,,,,,,,,,,,,,,,,,,,,,,,,,,,,,,,,,,,,,,-,,-,,-,-,-,-,-,-
"전국","연령*성별",15~19세*여자,62.9,9.4,50.1,5.6,7.0,63.7,,39.5,0.1,5.4,,,,,,,,,,,,,,,,,,,,,,,,,,,,,,,,,,,,,,,,,,,,,,,,,,,-,,-,,-,-,-,-,-,-
"전국","연령*성별",20∼29세*남자,49.2,20.1,34.6,8.8,7.4,64.7,,33.8,0.1,8.6,46.2,21.3,32.3,9.2,6.4,60.7,,33.5,0.2,8.8,43.2,23.4,29.2,8.7,3.4,62.2,,33.6,0.3,9.2,47.1,26.3,27.6,12.7,3.7,63.9,,33.1,0.6,7.7,55.9,28.1,37.0,15.6,5.3,68.0,13.5,32.0,0.2,6.9,44.7,,38.3,,11.7,69.9,18.7,40.0,2.0,14.4,35.9,,32.3,,13.2,65.1,21.6,38.1,3.2,19.7
"전국","연령*성별",20∼29세*여자,53.5,11.6,47.5,4.8,9.0,73.8,,41.0,0.2,3.4,52.9,12.1,46.5,5.4,8.2,70.9,,43.6,0.1,2.4,53.4,11.2,44.4,4.1,6.8,72.1,,41.2,0.1,3.4,57.9,12.1,50.7,4.5,6.2,74.0,,36.5,0.3,2.3,69.0,12.4,56.2,5.9,6.4,77.2,12.9,36.2,0.3,1.8,60.1,,64.5,,12.6,81.9,14.7,42.5,0.4,2.3,54.2,,62.2,,12.9,77.2,17.9,45.7,0.3,4.5
"전국","연령*성별",30∼39세*남자,41.5,18.2,33.6,7.0,8.0,78.1,,42.8,0.1,3.9,38.2,16.8,31.6,6.4,6.1,76.8,,42.7,0.1,4.9,38.9,17.6,31.8,6.0,5.4,74.0,,40.6,0.0,6.3,42.9,19.9,34.9,7.4,3.9,76.0,,38.6,0.3,4.4,51.8,21.3,43.0,8.8,5.8,79.9,15.1,37.8,0.1,4.0,42.3,,45.5,,11.8,83.7,20.2,48.3,1.3,6.9,37.4,,40.2,,15.0,78.1,20.1,42.7,1.8,10.6
"전국","연령*성별",30∼39세*여자,40.5,10.2,37.3,4.8,11.3,82.7,,50.7,0.1,1.6,35.5,10.9,35.6,3.9,9.4,81.6,,53.2,0.2,2.3,40.5,10.7,35.9,2.9,7.7,81.2,,49.4,0.1,1.3,42.2,10.4,40.0,3.3,7.2,85.9,,50.3,0.3,1.4,51.9,10.8,50.0,3.2,8.6,87.8,16.6,46.7,0.1,1.5,40.8,,57.4,,15.0,88.9,19.1,55.5,0.3,1.8,39.3,,54.3,,16.1,89.7,22.1,53.3,0.5,1.8
"전국","연령*성별",40∼49세*남자,42.8,17.4,33.1,7.9,8.9,69.6,,42.0,0.2,5.1,38.4,17.1,31.5,6.5,5.8,68.4,,41.9,0.1,6.7,41.0,18.4,29.3,6.6,5.7,65.8,,39.8,0.0,7.4,41.7,17.5,35.8,7.9,4.2,72.4,,43.2,0.2,4.8,51.8,19.5,43.0,8.9,6.2,76.2,17.0,40.8,0.0,4.3,42.8,,48.9,,12.0,79.4,21.9,51.2,0.6,7.1,35.8,,47.1,,14.3,79.7,25.9,50.6,1.0,7.1
"전국","연령*성별",40∼49세*여자,40.4,13.8,34.6,7.1,13.5,68.7,,46.9,0.2,2.6,39.0,13.8,36.1,6.3,10.5,67.0,,48.8,0.2,3.2,37.4,12.9,33.9,6.2,9.0,69.0,,48.3,0.1,3.2,40.5,13.8,39.8,6.8,7.4,73.6,,50.1,,2.5,50.2,14.3,48.1,7.0,9.7,78.1,19.4,47.5,0.1,1.4,39.7,,56.7,,17.9,80.1,23.2,59.2,0.5,1.9,34.0,,52.7,,18.3,83.2,26.3,60.1,0.4,2.0
"전국","연령*성별",50∼59세*남자,41.4,15.0,28.7,7.6,7.0,65.2,,42.9,0.0,8.3,39.0,15.7,30.5,7.2,5.4,61.0,,37.7,0.1,9.2,38.7,14.4,27.1,5.8,5.0,63.4,,38.4,0.0,9.5,41.7,14.9,33.6,6.1,4.0,65.5,,39.1,0.0,7.6,50.0,17.5,40.7,7.7,5.0,68.8,18.1,41.6,0.1,6.8,46.2,,49.5,,11.2,72.7,21.0,48.7,0.2,8.5,42.5,,50.1,,12.4,74.2,25.0,47.2,0.4,8.5
"전국","연령*성별",50∼59세*여자,34.9,10.8,28.4,5.9,9.2,69.4,,49.8,0.2,6.0,36.9,10.1,28.4,5.2,7.5,68.4,,47.6,0.2,5.5,34.9,11.2,25.9,4.5,8.0,67.2,,44.5,0.1,5.1,39.1,12.9,33.6,6.2,6.4,68.0,,45.6,0.1,4.1,47.1,14.9,42.3,7.1,7.4,70.4,19.6,45.9,0.2,4.2,41.9,,50.1,,14.8,76.7,23.8,53.7,0.3,3.6,41.7,,51.8,,17.5,74.0,24.4,53.5,0.3,4.5
"전국","연령*성별",60세 이상*남자,28.5,9.3,19.7,5.9,6.3,66.9,,41.4,0.2,13.8,27.7,7.8,19.5,4.9,5.3,66.0,,38.3,0.2,13.3,28.7,8.7,16.1,4.5,3.4,64.4,,38.8,0.0,14.5,32.2,9.8,22.8,5.9,2.4,66.7,,38.4,0.0,11.2,39.2,11.2,30.5,5.9,4.6,69.7,17.0,41.1,,11.4,36.5,,36.4,,8.1,72.3,20.7,48.9,0.1,12.9,36.1,,40.1,,10.0,70.3,23.5,44.9,0.1,13.0
"전국","연령*성별",60세 이상*여자,22.7,5.5,15.9,3.1,5.8,70.1,,47.3,0.1,16.7,21.8,4.7,14.6,3.3,5.5,67.1,,43.1,0.2,16.5,21.2,5.0,13.2,2.5,3.4,67.0,,44.4,0.0,16.7,25.9,5.6,17.0,3.4,3.1,70.3,,46.4,0.0,11.6,35.6,8.6,25.8,4.6,5.1,70.2,19.6,44.1,0.0,11.9,33.1,,32.1,,7.7,73.8,24.6,52.0,0.1,12.1,35.1,,36.0,,9.8,71.7,23.9,46.3,0.1,12.1
"전국","연령*성별",65세 이상*남자,25.8,8.7,17.6,5.7,6.1,64.9,,41.5,0.3,16.3,25.1,7.5,17.5,4.6,5.5,64.4,,36.9,0.2,15.8,27.1,7.6,14.2,3.9,2.8,64.3,,38.7,0.1,16.1,30.5,9.0,20.9,5.2,2.0,65.8,,37.6,,12.7,35.8,10.8,27.3,5.5,4.6,69.1,17.1,41.1,,13.0,34.5,,33.1,,8.1,70.9,20.0,46.9,0.0,14.6,34.8,,36.9,,8.5,69.7,24.2,43.8,0.0,14.3
"전국","연령*성별",65세 이상*여자,21.1,4.7,14.0,2.6,5.4,69.5,,46.7,0.1,18.3,20.3,4.1,13.1,2.9,4.9,65.3,,41.7,0.3,19.3,19.0,4.7,10.9,2.4,2.9,65.6,,42.6,0.0,19.3,23.5,5.0,15.1,2.9,2.8,69.8,,45.2,,13.5,32.2,7.5,21.7,4.4,4.1,69.1,20.0,43.3,0.0,14.7,30.7,,28.0,,6.5,72.5,25.4,50.6,0.0,14.7,33.0,,32.9,,8.5,69.8,23.5,45.0,0.1,14.8
